image,text,face,emotion,sound,smell,taste,touch,motion,operability,watchability,touched,gazed
1001.jpg,0.0,0.0,0.0,0.0,0.5734335839598997,0.5734335839598997,0.006449456975772766,0.0,0.32558061821219714,0.0,0.0,0.0
1002.jpg,0.0,0.753346205452106,0.0,0.0,0.0,0.0,0.0,0.1566580488922342,0.0,0.4451680466014334,0.0,0.3827928134306378
1003.jpg,0.0,0.22046071357648772,0.0,0.0,0.0,0.0,0.0,0.6037598464288079,0.0,0.0,0.0,0.0
1004.jpg,0.0,0.9997011753768511,0.278803373397968,0.0,0.0,0.0,0.0,0.0,0.0,0.0,0.01241782322863404,0.0
1005.jpg,0.0,0.0,0.0,0.0,0.0,0.0,0.510814859197124,0.0,0.0,0.6588675853804673,0.0,0.0
1006.jpg,0.0,0.5906079501169135,0.0,0.0,0.0,0.0,0.07816965445570279,0.00857365549493375,0.07816965445570279,0.2746167835801507,0.35278643803585347,0.35278643803585347
1007.jpg,0.1479525321744944,0.7018886846063848,0.0,0.0,0.0,0.0,0.2652515460471335,0.0,0.0,1.224803610228982,0.0,0.0
1008.jpg,0.0,0.790106059482311,0.0,0.0,0.1575687903285619,0.1575687903285619,0.0,0.0,0.005896313876733664,0.0,0.0,0.18868204405547725
1009.jpg,0.0,1.304247919513104,0.0,0.0,0.07489752825735933,0.0,0.0,0.8287479816171904,0.0,0.07489752825735933,0.11458203949819898,0.0
1010.jpg,1.0316518298714143,0.016532428995337006,0.0,0.0,0.0,0.0,0.0,0.03748057086336018,0.0,1.3846262540624559,0.0,0.0
1011.jpg,0.0,0.2118988596926128,0.0,0.0,0.0,0.0,0.0,0.3347215336308048,0.41973227565691623,0.45347876384068747,0.465146256817055,0.41973227565691623
1012.jpg,0.0,1.4267560536321793,0.0,0.0,0.0,0.0,0.4310919885264492,0.0,0.0,0.0,0.0,0.0
1013.jpg,0.821466106148187,0.055767209668943774,0.0,0.0,0.0,0.0,0.0,0.0,0.0,0.41480557015239095,0.0,0.0
1014.jpg,0.0,0.0,0.0,0.0,0.16313591495823843,0.0,0.0,0.0,0.0,0.16313591495823843,0.0,0.0
1015.jpg,0.0,0.0,0.0,0.0,0.6464573638329947,0.8708461689716196,0.0,0.0,0.0,0.0,0.0,0.0
1016.jpg,0.0,0.0,0.0,0.0,0.0,0.0,0.23658357514945985,0.0,0.0,0.04712792364437297,0.0,0.0
1017.jpg,0.0,0.6072648449816079,0.0,0.0,0.0,0.0,0.0,0.4472214923804519,0.0,0.11117314766158697,0.16933788754598003,0.0
1018.jpg,0.17254979947631832,0.2089423618706705,0.0,0.0,0.0,0.0,0.0,0.7898975837724967,0.0,0.08627489973815916,0.0,0.0
1019.jpg,0.0,0.7642543492106058,0.0,0.0,0.0,0.0,0.10062682264606308,0.5828780209834746,0.0,0.0,0.0,0.0
1020.jpg,0.43910925539318024,1.056114379705194,0.2249636237110141,0.0,0.0,0.0,0.2020623774277219,0.262162333143544,0.0,0.5028784715632315,0.47845891060922374,0.47845891060922374
1021.jpg,0.0,0.0,0.0,0.0,0.0,0.8718821625994337,0.05773897802345962,0.0,0.07085074828097614,0.0,0.0,0.0
1022.jpg,0.0,0.24149383218110343,0.0,0.0,0.0,0.0,0.0,0.4574013826758845,0.0,0.20038633590890606,0.038430256201708014,0.038430256201708014
1023.jpg,0.07086291643910432,1.6087520480611688,0.3928522665210268,0.0,0.0,0.0,0.0647187329328236,0.6721736755871108,0.012356635718186784,0.2820521572910978,0.012356635718186784,0.0
1024.jpg,0.3617920540997464,0.22062552831783602,0.0,0.0,0.0,0.0,0.08731724116339501,0.2565981027519489,0.0,0.3617920540997464,0.5303215303215303,0.0
1025.jpg,0.0,1.1125898581698077,0.0,0.0,0.0,0.0,0.0,0.9666148565507415,0.0,0.0,0.470403471277767,0.0
1026.jpg,0.0,0.0,0.0,0.0,0.6485803619366453,0.6485803619366453,0.1566497173356915,0.0,0.10138015980797777,0.0,0.0,0.0
1027.jpg,0.0,0.014045698924731183,0.0,0.0,0.0,0.0,0.0,0.38424059139784944,0.0,0.0,0.0,0.0
1028.jpg,0.14175575657894737,0.94921875,0.40717516447368424,0.0,0.0,0.0,0.12616502192982457,0.983312774122807,0.0,0.08415570175438597,0.12616502192982457,0.0
1029.jpg,0.0,0.0,0.0,0.0,0.0,0.0,0.0,0.0,0.0,0.0,0.0,0.0
1030.jpg,0.0,0.0,0.0,0.0,0.0,0.5258226842349202,0.0,0.0,0.13556909223333113,0.0,0.0,0.0
1031.jpg,0.0,1.3093300561331251,0.0,0.0,0.0,0.0,0.0,0.18155246288238616,0.0,0.28681037632444284,0.0,0.0
1032.jpg,0.0,0.2963813900057438,0.0,0.0,0.0,0.0,0.1652532351251816,0.0,0.0,0.5025171470081428,0.0,0.0
1033.jpg,0.0,0.0,0.0,0.0,0.0,0.0,0.0,0.34909240077940723,0.0,0.0,0.0,0.0
1034.jpg,0.07464783905130754,1.0657024368509442,0.5328512184254721,0.37457586455084485,0.0,0.0,0.0,0.6859169894094663,0.0,0.0603557596737156,0.007128902902971519,0.0
1035.jpg,0.0,0.0,0.0,0.0,0.7683197378750128,0.7683197378750128,0.0,0.0,0.203863613092597,0.0,0.0,0.0
1036.jpg,0.11905645732797894,0.0,0.0,0.0,0.0,0.0,0.20116086795127056,0.0,0.34583066176222454,0.21121722404076537,0.0,0.0
1037.jpg,0.0,0.0,0.0,0.0,0.0,0.0,0.0,0.2170481452249408,0.0,0.0,0.3545520057650733,0.0
1038.jpg,0.12590398787795304,0.20015152558716165,0.0,0.0,0.0,0.0,0.0,0.0,0.0,0.5360217645843378,0.0,0.0
1039.jpg,0.15953917050691244,0.568110599078341,0.2840552995391705,0.0,0.0,0.0,0.004946236559139785,0.6310291858678956,0.011797235023041475,0.16497695852534563,0.011797235023041475,0.004946236559139785
1040.jpg,0.0,0.0,0.0,0.0,0.0,0.5118197797467446,0.44118807619184275,0.0,0.0,0.0,0.0,0.0
1041.jpg,0.0,0.9741110417966313,0.0,0.0,0.0,0.0,0.0,0.7019338739862757,0.0,0.0,0.4203992514036182,0.34482220835932625
1042.jpg,0.0,0.6917645437949919,0.34588227189749593,0.0,0.0,0.6182619777494575,0.042916681018151756,0.0,0.042916681018151756,0.0,0.042916681018151756,0.0
1043.jpg,0.0,0.0,0.0,0.0,0.0,0.9107636636739153,0.03171406137985184,0.0,0.03171406137985184,0.0,0.0,0.0
1044.jpg,0.3939781780949029,0.2531276997408249,0.0,0.0,0.0,0.12126835823760919,0.12232425687134035,0.0,0.12021245960387802,0.7911560490192941,0.0,0.0
1045.jpg,0.0,1.6693855719729893,0.5564618573243297,0.0,0.0,0.0,0.0,0.34903389717189276,0.0,0.0,0.016346861001537743,0.0
1046.jpg,0.0,0.05721497686159024,0.0,0.0,0.0,0.0,0.0,0.3820911944597262,0.0,0.0,0.0,0.18963787579689978
1047.jpg,0.0,0.15541024139501594,0.0,0.0,0.0,0.0,0.0,0.7031361832259744,0.0,0.0,0.013078274448565293,0.0
1048.jpg,0.0,1.0123341431508128,0.0,0.0,0.0,0.31464523765028346,0.0,0.41873793060487136,0.0,0.0,0.35709836167694514,0.0
1049.jpg,0.0,0.0,0.0,0.0,0.08547670347427956,0.19869377861567467,0.11052383517371397,0.0,0.11052383517371397,0.0,0.0,0.0
1050.jpg,0.028841372451516658,1.2097795458312615,0.0,0.0,0.0,0.0,0.0,0.8670313276976629,0.0,0.028841372451516658,0.0,0.38471738770097796
1051.jpg,0.0,0.9067079950136451,0.0,0.0,0.05616387588019272,0.06980896870051548,0.0,0.0,0.0,0.15174690879687341,0.0,0.45335399750682254
1052.jpg,0.011551101421924316,0.11730062148179482,0.0,0.0,0.0,0.0,0.0,0.3136368073406436,0.0,0.011551101421924316,0.29085998763544074,0.2826603325415677
1053.jpg,0.0,0.6283456199774191,0.0,0.0,0.0,0.0,0.0,0.0,0.0,0.5273294813043767,0.0,0.0
1054.jpg,0.0,0.8626249823968455,0.0,0.0,0.0,0.0,0.09671173074214899,0.6991620898465005,0.0,0.0,0.09671173074214899,0.09671173074214899
1055.jpg,0.0,0.19201097205554604,0.0,0.0,0.0,0.0,0.0,0.6416252357277559,0.0,0.0,0.04505400308589062,0.0
1056.jpg,1.3288230872307742,0.08987809262345982,0.0,0.0,0.0,0.0,0.0,0.0628819818936497,0.0,0.6644115436153871,0.0,0.0
1057.jpg,0.0,0.0,0.0,0.0,0.0,0.0,0.0,0.23217888921967517,0.0,0.6328933875822831,0.0,0.0
1058.jpg,0.0,0.1879278158058494,0.0,0.0,0.0,0.0,0.0,0.06713683191592339,0.0,0.0,0.0,0.3487519878310171
1059.jpg,0.9404462338533803,1.2536151652407315,0.1824190572051669,0.0,0.0,0.0,0.0,0.48159704747525584,0.0,0.47022311692669017,0.04294581446066096,0.0
1060.jpg,0.0,1.9841528098662589,0.7777813933812763,0.0,0.0,0.0,0.1710975887540269,0.0,0.0,0.0,0.0,0.0
1061.jpg,0.0,0.8059080228264518,0.0,0.0,0.0,0.0,0.0,0.2913393756294058,0.0,0.17045988586774086,0.20245048674051694,0.20245048674051694
1062.jpg,0.014376688537244307,0.0,0.0,0.0,0.0,0.0,0.4410137655988679,0.0,0.0,0.014376688537244307,0.0,0.0
1063.jpg,0.0,1.6426935266246194,0.3800558536508833,0.0,0.24177100003137847,0.0,0.0,0.0,0.0,1.5786187203865825,0.0,0.0
1064.jpg,0.0,0.27546507089892025,0.0,0.04279953167685703,0.0,0.0,0.0,0.501463509821777,0.04279953167685703,0.25819565500195135,0.04279953167685703,0.3977819695589957
1065.jpg,0.0,0.0,0.0,0.0,0.4219317112515123,0.4219317112515123,0.0,0.0,0.3673880897970157,0.3673880897970157,0.0,0.0
1066.jpg,0.43377191435324,0.08099051112914035,0.0,0.0,0.3123919714981128,0.3123919714981128,0.0,0.0,0.08240149564358532,0.31824755723305936,0.0,0.0
1067.jpg,0.0,0.0,0.0,0.0,0.908984375,0.908984375,0.0,0.0,0.03955078125,0.0,0.0,0.0
1068.jpg,0.0,0.9522701992112448,0.0,0.0,0.10095392186604644,0.0,0.0,0.0,0.0,0.21104257255536454,0.0,0.0
1069.jpg,0.0,1.1846722944133548,0.0,0.0,0.0,0.0,0.0,0.2444275822820829,0.0,0.0,0.0,0.9516582882797433
1070.jpg,0.32225013867589,0.37484908800208827,0.0,0.0,0.6500473129506966,0.6500473129506966,0.0,0.005351257871896107,0.0,1.2712826704081965,0.6500473129506966,0.0
1071.jpg,0.0,1.7167543688689664,0.6812512180861431,0.0,0.0,0.0,0.1500032482297148,0.0,0.0,0.0,0.0,0.0
1072.jpg,0.0,0.05525318635893903,0.0,0.0,0.0,0.0,0.0,0.503754736479504,0.0,0.0,0.0,0.0
1073.jpg,0.0,0.7167602190158063,0.0,0.0,0.0,0.0,0.10107097351837184,0.5086952030028582,0.0,0.0,0.0,0.0
1074.jpg,0.0,0.157402155416903,0.0,0.0,0.0,0.0,0.12040713430390118,0.47828827125480555,0.0,0.0,0.0,0.0
1075.jpg,0.0,0.78374844959941,0.11917133183600952,0.0,0.0,0.0,0.08960477355770842,0.6124166135898897,0.0,0.0,0.01055948509939325,0.0
1076.jpg,0.0,0.6796036333608588,0.0,0.0,0.0,0.0,0.06079686209744013,0.3764450867052023,0.5194742636939169,0.5194742636939169,0.0,0.5194742636939169
1077.jpg,0.0,1.3971774193548387,0.0,0.0,0.0,0.0,0.0,0.5232654889912954,0.07610087045570917,0.32059651817716334,0.024353558627752177,0.0
1078.jpg,0.16283219680071379,1.0572939901854566,0.35243133006181887,0.0,0.2526926263463132,0.2216557262124785,0.0,0.0,0.005480848894270601,0.19386909693454846,0.0,0.0
1079.jpg,0.5106723052845393,0.0,0.0,0.0,0.0,0.0,0.0,0.1674935899570444,0.0,0.45662815091072556,0.0,0.0
1080.jpg,0.0,0.49705460913867217,0.0,0.0,0.0,0.0,0.0,0.0,0.09164145836650214,0.0,0.0,0.0
1081.jpg,0.0,0.3536120390052974,0.0,0.0,0.0,0.0,0.06326551270371496,0.567398859533691,0.0,0.0,0.20042514424536897,0.06326551270371496
1082.jpg,0.0,0.3379227289001725,0.0,0.0,0.3601210819255932,0.0,0.0,0.43989844741724443,0.0,0.0,0.0,0.0
1083.jpg,0.0,0.40094825809111523,0.0,0.0,0.0,0.0,0.16223459080601937,0.5437366865938295,0.0,0.0,0.0,0.16223459080601937
1084.jpg,0.0,0.5487366999374115,0.0,0.0,0.0,0.0,0.0,0.6823796817867378,0.0,0.0,0.00668709029218961,0.0
1085.jpg,0.0,1.2592367032074705,0.0,0.0,0.0,0.0,0.0,0.8216267424550007,0.0,0.0,0.0,0.0
1086.jpg,0.04302791550635061,0.0,0.0,0.0,0.0,0.0,0.20298172926713307,0.0,0.14304149969435578,0.06292875093391292,0.0,0.0
1087.jpg,0.0,0.0,0.0,0.0,0.0,0.0,0.203149397029999,0.0,0.04162652403574632,0.1803594564964619,0.0,0.0
1088.jpg,0.0,0.20521615324877038,0.07905125550090603,0.0,0.0,0.0,0.20191560962982139,0.44722366036759,0.0,0.0,0.05025239451203728,0.0
1089.jpg,0.0,1.1277826811807394,0.32319963387924555,0.45964499362557615,0.0,0.0,0.0,0.6607498937596025,0.13644535974633062,0.0,0.13644535974633062,0.0
1090.jpg,0.0,1.4016466468004056,0.0,0.0,0.0,0.0,0.09612607907591164,0.6491352032195632,0.0,0.02334797702067525,0.11760007373045375,0.0
1091.jpg,0.0,0.0,0.0,0.0,0.0,0.0,0.497815362931642,0.0,0.0,0.12159971811134603,0.0,0.0
1092.jpg,0.0,0.0,0.0,0.0,0.0,0.0,0.17766299925708423,0.0,0.0,0.8021721441964128,0.0,0.0
1093.jpg,0.0,0.0,0.0,0.0,0.4845680028986462,0.4845680028986462,0.0,0.0,0.0,0.0,0.0,0.0
1094.jpg,0.0,0.6982464131177408,0.0,0.0,0.0,0.0,0.0,0.5458242509028207,0.0,0.0,0.3723850733643492,0.35787487393044215
1095.jpg,0.0,0.5933020464195639,0.0,0.09437154806372314,0.0,0.0,0.0,0.43271717268460874,0.09437154806372314,0.05973246496184912,0.09833030041822304,0.09437154806372314
1096.jpg,0.1280065741647966,1.0052782957742028,0.0,0.0,0.0,0.09785391447264452,0.0,0.6673725465406618,0.0219033471348652,0.2890103985587408,0.0219033471348652,0.0219033471348652
1097.jpg,0.0,1.975194897236003,0.0,0.0,0.0,0.0,0.22044327040783454,0.0,0.0,0.0,0.0,0.0
1098.jpg,0.00559640788703065,0.0,0.0,0.0,0.0,0.0,0.06644107503091039,0.0,0.610659204789484,0.7020888917810894,0.0,0.0
1099.jpg,0.09594394286484301,0.0,0.0,0.0,0.2594663791941787,0.0,0.1313839105241881,0.0,0.1313839105241881,0.3481673628890985,0.0,0.0
1100.jpg,0.0,1.7474532025977334,0.3871450401120591,0.0,0.13421622309945244,0.2761365083407615,0.0,0.0,0.0,0.1357124665732841,0.0,0.0
1101.jpg,0.0,0.7175567355497683,0.0,0.0,0.0,0.0,0.0,0.6165995873778198,0.0,0.0,0.1475969831230764,0.26779855920451856
1102.jpg,0.06654091323012878,0.9931702874983739,0.0,0.1979315727852218,0.0,0.02741641732795629,0.0,0.39934304670222454,0.0025042279172629114,0.2179653961233251,0.0,0.49658514374918694
1103.jpg,0.0,1.0760682823409,0.0,0.15041854004459554,0.0,0.0,0.0,0.5718463281792594,0.15041854004459554,0.0,0.15041854004459554,0.4316628285265197
1104.jpg,0.019043632939206863,0.0,0.0,0.0,0.0,0.0,0.322032715984793,0.0,0.35272575075860624,0.34107634892399985,0.0,0.0
1105.jpg,0.0,0.0,0.0,0.0,0.0,0.0,0.0,0.0,0.0,0.8195649359057361,0.0,0.0
1106.jpg,0.006258556620379425,1.777853836625595,0.0,0.0,0.06780103005411044,0.06780103005411044,0.012680096486081231,0.28212399765304125,0.048080057370102354,0.0689419127713671,0.048080057370102354,0.048080057370102354
1107.jpg,0.13000129903871135,0.0,0.0,0.0,0.0,0.0472200571577033,0.0,0.25772928033255393,0.0321836840737854,0.7054104962327877,0.0321836840737854,0.5200051961548454
1108.jpg,0.0,1.1025088014209141,0.36750293380697135,0.0,0.3572583970313045,0.3572583970313045,0.13041961368898475,0.42275365536490217,0.0,0.03901170351105332,0.3572583970313045,0.0
1109.jpg,0.9436011603589017,0.0,0.0,0.0,0.0,0.0,0.0,0.0,0.0,1.0499561492275518,0.0,0.0
1110.jpg,0.0,1.9082949607626953,0.3504442570854141,0.0,0.0,0.0,0.0,0.853265451715416,0.0,0.0,0.09387768337765096,0.0
1111.jpg,0.0,0.32467350582962784,0.0,0.0,0.0,0.0,0.14512797170967404,0.7122999894961661,0.0,0.0,0.0,0.0
1112.jpg,0.0,0.7761768136961251,0.0,0.0,0.0,0.11214805940032159,0.0,0.4700003152883312,0.0,0.0,0.11214805940032159,0.0
1113.jpg,0.4296609015388806,0.29599618684461393,0.0,0.0,0.18912569794361977,0.0,0.0,0.26957646738390306,0.22167370284624813,0.2148304507694403,0.22167370284624813,0.22167370284624813
1114.jpg,0.19026099485869602,0.3630677538723516,0.1586927334053771,0.0,0.0,0.0,0.0,0.5065658054163801,0.0,0.4590169302812981,0.0,0.0
1115.jpg,0.0,0.1392109865906588,0.0,0.0,0.0,0.0,0.0,0.7115372157802682,0.0,0.0,0.0,0.0
1116.jpg,0.0,0.0,0.0,0.0,0.0,0.0,0.10005791571559977,0.0,0.0,0.0,0.0,0.0
1117.jpg,0.3449778685733742,0.36193394620360914,0.0,0.0,0.20289410963568266,0.46050391556009534,0.0,0.1836227442969016,0.09993190330268982,0.40262172284644193,0.20289410963568266,0.09993190330268982
1118.jpg,0.0,0.0,0.0,0.0,0.36714501015660833,0.5589738549243168,0.006781993316296442,0.0,0.2911015005569753,0.34751982176790513,0.0,0.0
1119.jpg,0.0,1.2469944995224136,0.6234972497612068,0.0,0.0,0.28704588122920854,0.0,0.6911827673660288,0.0,0.0,0.28704588122920854,0.0
1120.jpg,0.3531699070160609,0.0,0.0,0.0,0.0,0.0,0.0,0.0,0.38245139475908707,0.20327979712595098,0.0,0.0
1121.jpg,1.2352284684799593,0.5856637224578298,0.24119128854309493,0.0,0.0,0.0,0.0,0.3021906189215905,0.0,0.6176142342399796,0.0,0.0
1122.jpg,0.0,0.5812218563075475,0.0,0.0,0.2669870286981652,0.2669870286981652,0.0,0.3895087035419047,0.0,0.0,0.0,0.0
1123.jpg,0.0,0.28627714779934654,0.0,0.0,0.0,0.0,0.19078736626305337,0.0,0.0,0.0,0.0,0.0
1124.jpg,0.0,0.9243341006247945,0.0,0.0,0.0,0.0,0.01900690562315028,0.6629398224268332,0.014107201578428149,0.0,0.014107201578428149,0.006017757316672147
1125.jpg,0.0,1.4160015573291804,0.0,0.11413925118421907,0.0,0.0,0.0,0.6117059243397573,0.11413925118421907,0.0,0.11413925118421907,0.0
1126.jpg,0.0,1.0564047987616099,0.35213493292053666,0.0,0.0,0.0,0.15583075335397317,0.40028379772961814,0.01173890608875129,0.12045278637770898,0.01173890608875129,0.08759029927760578
1127.jpg,0.0,0.5195992607722985,0.2597996303861492,0.0,0.5543883539214732,0.5637583892617449,0.0,0.349155399928671,0.012417728495931006,0.033816425120772944,0.4210679894951853,0.4210679894951853
1128.jpg,0.0,0.522444348029236,0.0,0.0,0.0,0.5149684611020259,0.0,0.0,0.0,0.2270800654140106,0.0,0.0
1129.jpg,0.3144398152633789,0.9628911927138843,0.0,0.0,0.0,0.0,0.0,0.5289862093466395,0.0,0.18993637567419178,0.0,0.0
1130.jpg,0.0,1.0373178223645514,0.0,0.0,0.0,0.0,0.0,0.07849160185608783,0.0034965034965034965,0.13639631396640742,0.02519443173648781,0.18502058688974576
1131.jpg,0.16826783114992722,0.5384441209768721,0.26922206048843605,0.0,0.0,0.0,0.0,0.5673944687045124,0.0,0.109396732977519,0.0,0.0
1132.jpg,0.005157178990244063,1.2199848897940413,0.2855500443451697,0.6639293105147325,0.0,0.0,0.0,0.7736425450842558,0.05393686561771179,0.005157178990244063,0.08915021515619354,0.0
1133.jpg,0.5049487996164252,0.0,0.0,0.0,0.23665194013493612,0.4616596458782835,0.2911401075379294,0.0,0.0,0.3164834412137402,0.0,0.0
1134.jpg,0.0,0.0,0.0,0.0,0.0,0.0,0.0,0.0,0.0,0.5884360503644798,0.0,0.0
1135.jpg,0.22362746991053614,0.6372851901911566,0.23373238076848812,0.0,0.0,0.0,0.09783098410246509,0.7132329278496492,0.0,0.3019566196820493,0.0,0.09783098410246509
1136.jpg,0.0,0.9630382735889279,0.48151913679446395,0.10685120199403103,0.0,0.0,0.0,0.4141549965563609,0.0,0.09333901807090617,0.00941261355809911,0.10685120199403103
1137.jpg,0.0,0.0,0.0,0.0,0.6435911874428099,0.6435911874428099,0.14837756035757022,0.0,0.052650102062363625,0.0,0.0,0.0
1138.jpg,0.0,0.512103027442519,0.0,0.5393432674802778,0.0,0.0,0.0,0.3429303485941609,0.3349066145236329,0.0,0.0,0.3349066145236329
1139.jpg,0.0,1.0574246474329432,0.0,0.0,0.0,0.0,0.0,0.8089532061326696,0.0,0.0,0.0,0.33311825974744214
1140.jpg,0.0,2.6921763121592326,0.44068186297050516,0.0,0.0,0.0,0.0,0.3125862182224266,0.0,0.07202916639295802,0.07202916639295802,0.0
1141.jpg,0.0,0.029299746091139917,0.0,0.0,0.0,0.504610450354136,0.05722972070025391,0.08429105973540024,0.00651476680475745,0.0,0.18177869838300148,0.0
1142.jpg,0.0,0.14474097331240188,0.0,0.23422291993720565,0.0,0.0,0.0,0.341287284144427,0.23422291993720565,0.14135705564276993,0.14135705564276993,0.0
1143.jpg,0.1646859635984762,0.0,0.0,0.11545599583238368,0.6197375704099242,0.6197375704099242,0.2013154039006284,0.0,0.11545599583238368,0.0823429817992381,0.0,0.0
1144.jpg,0.0,0.0,0.0,0.0,0.3203778411886254,0.8083571124011939,0.3203778411886254,0.0,0.0,0.2748860244678409,0.0,0.0
1145.jpg,0.0,0.0657360818049018,0.0,0.11972082454147054,0.0,0.0,0.16003895471514365,0.10498295731212466,0.0,0.4500568089595845,0.0,0.40464210355461777
1146.jpg,0.0,0.5222672064777328,0.0,0.08593117408906882,0.0,0.0,0.0,0.21953441295546558,0.0,0.5885627530364372,0.0,0.5885627530364372
1147.jpg,0.0,0.5018768637081213,0.15162252236449747,0.15162252236449747,0.0,0.0,0.0,0.33260831433081917,0.0,0.0,0.0083844939484301,0.30829679003683563
1148.jpg,0.0,1.0857563724862302,0.0,0.0,0.0,0.4016907903163827,0.0,0.0,0.0,0.0,0.0,0.0
1149.jpg,0.21619789901728229,0.0,0.0,0.0,0.20443917316164012,0.9239918671636733,0.0,0.0,0.0,0.10809894950864114,0.0,0.0
1150.jpg,0.0,0.18627584330794342,0.0,0.0,0.0,0.0,0.0,0.3121259521218716,0.0,0.06226196953210011,0.5390029923830251,0.5390029923830251
1151.jpg,0.0,0.0,0.0,0.0,0.0,0.521187987390078,0.0,0.0,0.4254189480670317,0.0,0.0,0.0
1152.jpg,0.06093432633716994,0.0,0.0,0.0,0.0,0.5780759524835354,0.0,0.0,0.0,0.6085431156521204,0.0,0.0
1153.jpg,0.1572828039727467,0.0,0.0,0.0,0.0,0.0,0.0,0.0,0.47744144266296057,0.11836886885190333,0.0,0.0
1154.jpg,0.0,1.1108950068743504,0.2221253479091915,0.0,0.0,0.0,0.0,0.8700580128097649,0.0,0.0,0.0,0.0
1155.jpg,0.2725450901803607,0.06103732889507829,0.0,0.0,0.0,0.0,0.0,0.39743894568798616,0.0,0.13627254509018036,0.0,0.0
1156.jpg,0.0,1.1721885207652822,0.0,0.3105459636024265,0.0,0.0,0.0,0.3781747883474435,0.0,0.0,0.021031931204586362,0.5860942603826411
1157.jpg,0.025810614615260526,0.7541216325213744,0.0,0.1638006130020971,0.0,0.0,0.0,0.5156960800129053,0.1638006130020971,0.012905307307630263,0.1638006130020971,0.18590095176641394
1158.jpg,0.0,1.0724306099102896,0.4083027274369318,0.4083027274369318,0.0,0.0,0.0,0.17957131675597568,0.0,0.0,0.2661809862122945,0.2661809862122945
1159.jpg,0.0,1.3341425009841228,0.2400603595328697,0.0,0.0,0.0,0.0,0.2798517254953418,0.0,0.059112977299566986,0.0,0.0
1160.jpg,0.2592410377513201,1.2465807340352257,0.0,0.0,0.0,0.0,0.0,0.0,0.0,0.31011184361573024,0.0,0.0
1161.jpg,0.0,1.751536060456711,0.3298833579760145,0.0,0.0,0.07478232298340726,0.0,0.0,0.0,0.0,0.0,0.0
1162.jpg,1.1922168697459148,0.6398413148200623,0.24190044394068197,0.0,0.0,0.0,0.0,0.25169232706778755,0.0,1.3397877900569881,0.0,0.0
1163.jpg,1.3115944258159782,0.15898114252314885,0.0,0.0,0.0,0.0,0.0,0.09074968468329898,0.0,1.4432891377241825,0.0,0.0
1164.jpg,0.0,0.036058631921824104,0.0,0.0,0.0,0.0,0.0,0.4737785016286645,0.0,0.0,0.0,0.19517915309446254
1165.jpg,0.0,0.0695739771877945,0.0,0.0,0.0,0.0,0.0,0.10431222175283528,0.0,0.08939654892275696,0.012738439541156209,0.27117928053813406
1166.jpg,0.0,0.0,0.0,0.0,0.0,0.0,0.49643648763853365,0.0,0.07389599317988065,0.0,0.0,0.0
1167.jpg,0.0,1.4737962659679005,0.17399279397314119,0.0,0.0,0.0,0.0,0.17399279397314119,0.0,0.0,0.20730429086144775,0.0
1168.jpg,0.0,0.0,0.0,0.0,0.08593228086213565,0.8481769276748357,0.0,0.10182483035055026,0.011005238915649942,0.0,0.30494708343588484,0.0
1169.jpg,0.23465184043942794,1.2811066081655893,0.25401078474059685,0.0,0.0,0.0,0.06976588404729209,0.9540141340389189,0.0,0.11732592021971397,0.0,0.06976588404729209
1170.jpg,0.0,0.5780573995178176,0.0,0.0,0.0,0.0,0.0,0.43069454077083125,0.25849598731794315,0.25849598731794315,0.25849598731794315,0.25849598731794315
1171.jpg,0.0,0.0,0.0,0.0,0.0,0.0,0.0,0.0,0.4334580258147137,0.5049034475786068,0.0,0.0
1172.jpg,0.0,0.00425746633447917,0.0,0.0,0.0,0.0,0.0,0.4546027941593869,0.0,0.0,0.0,0.0
1173.jpg,0.11737563997218886,0.18911573225459832,0.0,0.0,0.0,0.0,0.0,0.6066936350420328,0.06867454648884394,0.2071613678022881,0.06867454648884394,0.0
1174.jpg,0.0,0.7424139799512327,0.0,0.0,0.0,0.0,0.06803711731238146,0.0,0.0,0.26838932538607424,0.0,0.0
1175.jpg,0.0,0.39213630406290956,0.0,0.0,0.0,0.0,0.0,0.6638925294888598,0.0,0.0,0.0,0.0
1176.jpg,0.2248051127185898,0.10099023807851674,0.0,0.0,0.0,0.0,0.0,0.037432403960952314,0.0,0.44518575742678557,0.0,0.0
1177.jpg,0.0,1.4945010936200362,0.49816703120667877,0.0,0.0,0.13449986137210806,0.05582083115122763,0.7479744924678845,0.0,0.0,0.4237084501401682,0.0
1178.jpg,0.0,0.8172207752413053,0.0,0.0,0.0,0.08699249272253716,0.0,0.38492416117665085,0.09765589091466217,0.0,0.1770798222766968,0.09765589091466217
1179.jpg,0.0,0.0,0.0,0.17407145025807105,0.33181526836015246,0.0,0.0,0.0,0.17407145025807105,0.71291704618291,0.0,0.0
1180.jpg,0.0,0.5827131479305392,0.10295077686382034,0.0,0.0,0.0,0.0,0.4367084475780128,0.0,0.0,0.07634808721765243,0.0
1181.jpg,0.22566654338836029,0.11770836835557946,0.0,0.0,0.0,0.0,0.0,0.0,0.0,0.30558450727902364,0.0,0.0
1182.jpg,0.0,0.4701334245638043,0.0,0.0,0.0,0.0,0.3354772494013,0.310126582278481,0.07926787547040712,0.0,0.16363325350667124,0.0
1183.jpg,0.23466757123473542,0.17408412483039348,0.0,0.0,0.0,0.22242198100407057,0.39725237449118045,0.21526458616010855,0.0,0.11733378561736771,0.23456580732700136,0.39725237449118045
1184.jpg,0.0,1.074071591366135,0.0,0.0,0.0,0.0,0.0,0.42921303123743126,0.0,0.0,0.0,0.0
1185.jpg,0.0,0.3781277037549749,0.0,0.0,0.0,0.0,0.0,0.3924900501816923,0.0,0.0,0.0,0.0
1186.jpg,0.0,1.2987209639485808,0.43290698798286026,0.0,0.0,0.0,0.2234608073713715,0.6158703566480879,0.0,0.0,0.006089113695673185,0.0
1187.jpg,0.0,0.7393396829670514,0.0,0.0,0.0,0.44115370376602836,0.0,0.4571063171002591,0.013058257328442097,0.0,0.45421196109447043,0.45421196109447043
1188.jpg,0.0,0.5165634622542551,0.24285182553378676,0.0,0.0,0.0,0.19182485703651067,0.3224714918959158,0.0,0.0,0.19182485703651067,0.19182485703651067
1189.jpg,0.0,0.09434548467274234,0.0,0.0,0.11436757801712234,0.537317039491853,0.0,0.24578845622756146,0.0,0.14616128141397405,0.537317039491853,0.537317039491853
1190.jpg,0.0,0.9981438091470651,0.0,0.0,0.0,0.0,0.0,0.3732160788728966,0.0,0.0,0.20122934607309131,0.20122934607309131
1191.jpg,0.0,0.35680515983593725,0.0,0.0,0.0,0.0,0.016437584144775978,0.26199943642568646,0.0,0.0,0.015028648360938038,0.016437584144775978
1192.jpg,0.0,0.0,0.0,0.0,0.0,0.7400665369405561,0.0,0.0,0.2166844516979474,0.0,0.0,0.0
1193.jpg,0.0,0.0,0.0,0.0,0.12371456364647027,0.0,0.0,0.0,0.0,0.540612840466926,0.0,0.0
1194.jpg,0.008578632002881373,1.2412822107985986,0.0,0.0,0.0,0.0,0.0,0.25735896008644116,0.0,0.1781212141056285,0.1738318981041878,0.0
1195.jpg,0.0,0.3812958704759505,0.18398588843040287,0.0,0.0,0.0,0.0,0.32040822754905973,0.17885154502787665,0.0,0.5847796642202413,0.18398588843040287
1196.jpg,0.5308738116097212,0.025114377494402804,0.0,0.0,0.0,0.0,0.018689769298160224,0.46205262987118334,0.0,0.36604042960511374,0.0,0.0
1197.jpg,0.7654815772462831,0.26974789915966385,0.0,0.0,0.0,0.0,0.0,0.2533613445378151,0.0,0.5432126696832579,0.0,0.0
1198.jpg,0.0,0.7511125871803388,0.0,0.0,0.0,0.0,0.04802391232148788,0.0,0.04802391232148788,0.0,0.0,0.0
1199.jpg,0.0,0.0,0.0,0.0,0.0,0.0,0.4542082077440297,0.0,0.0,0.2760425292305654,0.0,0.0
1200.jpg,0.0,1.3692758173091435,0.46007788209013795,0.0,0.0,0.0,0.0,0.0,0.0,0.0,0.0,0.0
1201.jpg,0.0,0.0,0.0,0.0,0.0,0.8640260631001372,0.0,0.025342935528120714,0.0,0.0,0.0,0.0
1202.jpg,0.0,0.12055177230661777,0.0,0.0,0.0,0.0,0.0,0.35114370525580585,0.0,0.0,0.0,0.0
1203.jpg,0.0,0.717285073972972,0.0,0.0,0.0,0.0,0.059953493074512185,0.44494995450409464,0.0,0.0,0.0,0.059953493074512185
1204.jpg,1.1425661914460286,0.8031568228105906,0.09562118126272913,0.0,0.0,0.018533604887983706,0.0,0.0,0.0,0.5712830957230143,0.0,0.0
1205.jpg,0.0,0.9789966470551021,0.0,0.0,0.0,0.1862149680521288,0.0,0.6088441829569178,0.0,0.0,0.1862149680521288,0.1862149680521288
1206.jpg,0.0,0.7273697426239799,0.0,0.0,0.0,0.0,0.0,0.568706842435656,0.0,0.0,0.13292529817953547,0.1292843691148776
1207.jpg,0.10306435489986557,0.9100341249870739,0.1606287270345731,0.20478439212712418,0.0,0.0,0.033194305608217574,0.28895936024266655,0.0,0.051532177449932784,0.010375374857812553,0.010375374857812553
1208.jpg,0.0,1.0600225044205112,0.0,0.0,0.0,0.0,0.36916894389969457,0.5300112522102556,0.36916894389969457,0.0,0.0,0.36916894389969457
1209.jpg,0.012003787110299587,0.0,0.0,0.0,0.0,0.0,0.0,0.0,0.5860215053763441,0.012003787110299587,0.0,0.0
1210.jpg,0.0424431375327712,0.0,0.0,0.0,0.12283001487989796,0.33065258981081275,0.13848933607312408,0.0,0.13848933607312408,0.0424431375327712,0.0,0.0
1211.jpg,0.0,0.0,0.0,0.0,0.0,0.0,0.0,0.0,0.21462158915393856,0.5529431954693668,0.0,0.0
1212.jpg,0.0,0.7543718861804929,0.0,0.0,0.0,0.0,0.038084729327582174,0.8247233089243321,0.0,0.0,0.0,0.038084729327582174
1213.jpg,0.0,0.22750714449955656,0.0,0.0,0.0,0.0,0.0,0.5988568800709523,0.0,0.0,0.006471109943172486,0.006471109943172486
1214.jpg,0.0,0.5253557095950383,0.0,0.0,0.0,0.0,0.0,0.655964976286027,0.0,0.0,0.0,0.0
1215.jpg,0.0,0.8241559102180963,0.0,0.0,0.0,0.0,0.0029249062122464553,0.38847205442868954,0.1475170089654734,0.1475170089654734,0.5346537801233547,0.1475170089654734
1216.jpg,0.0,0.03640823087214117,0.0,0.0,0.0,0.0,0.0,0.423074472829203,0.0,0.0,0.3812511944957635,0.3812511944957635
1217.jpg,0.19908512330946698,0.5319212410501193,0.0,0.0,0.0,0.0,0.20733890214797135,0.0,0.09417263325377884,0.3807677008750994,0.0,0.0
1218.jpg,0.0,1.9173992316207593,0.26496060428469104,0.0,0.17278765383864036,0.17278765383864036,0.17278765383864036,0.3226867226671876,0.0,0.17278765383864036,0.0,0.17278765383864036
1219.jpg,0.0,0.7181344323898418,0.0,0.0,0.0,0.0,0.0,0.34786956785259715,0.0,0.0,0.12667434389963028,0.0
1220.jpg,0.06480266478247704,0.2830994919417247,0.0,0.0,0.0,0.0,0.0,0.3168130278254433,0.0,0.03240133239123852,0.0,0.0
1221.jpg,0.22257853403141362,0.03818717277486911,0.0,0.0,0.0,0.3285667539267016,0.027781413612565444,0.0,0.03606020942408377,0.5705824607329842,0.0,0.0
1222.jpg,0.013272745104449311,0.5311059531204028,0.0,0.0,0.0,0.0,0.014547713230246166,0.6636699467128706,0.0,0.033770309588414135,0.0,0.014547713230246166
1223.jpg,0.4109713170459694,0.0,0.0,0.0,0.0,0.0,0.0,0.5766563273272227,0.0,0.5305126685951277,0.325027010072143,0.0
1224.jpg,0.0,0.5882957208436326,0.0,0.0,0.0,0.0,0.0,0.3394754582517415,0.0,0.0,0.0,0.0
1225.jpg,0.0,0.0,0.0,0.0,0.0,0.0,0.0,0.7274669774669774,0.0,0.0,0.0,0.0
1226.jpg,0.1823539040759535,0.397511867736127,0.0,0.0,0.0,0.0,0.0,0.260369945981339,0.0,0.09117695203797675,0.02694385333115076,0.0
1227.jpg,0.0,0.9383399955934657,0.0,0.0,0.0,0.08265399263479274,0.0,0.5350476849957508,0.08652544773535614,0.0,0.13279405747379686,0.13279405747379686
1228.jpg,0.0,0.7764260263859019,0.0,0.0,0.0,0.0,0.0,0.7427214072480981,0.0,0.0,0.0,0.0
1229.jpg,0.49969399259139957,0.1613142212916734,0.0,0.0,0.4642615558060879,0.4642615558060879,0.0,0.0,0.0,0.37777419874375906,0.0,0.0
1230.jpg,0.0,0.0,0.0,0.0,0.0,0.0,0.0,0.0,0.0,0.8792014400261823,0.0,0.0
1231.jpg,0.0,0.7815171665083458,0.0,0.0,0.0,0.0,0.0,0.0,0.40717872167186864,0.40717872167186864,0.0,0.0
1232.jpg,0.0,0.11244367652539215,0.0,0.0,0.0,0.0,0.0,0.0,0.0,0.0,0.0,0.0
1233.jpg,0.5914426490833997,1.0130787624085211,0.33769292080284036,0.0,0.0,0.0,0.0,0.6421273820737627,0.0,0.3261357872617926,0.009093543946090863,0.0
1234.jpg,0.0,0.0,0.0,0.0,0.0,0.48326626754342916,0.02679360094219256,0.0,0.0,0.0,0.0,0.0
1235.jpg,0.0,0.0,0.0,0.0,0.6718254248043433,0.2604879080589438,0.0,0.0,0.0,0.6718254248043433,0.0,0.0
1236.jpg,0.0,0.40922583506772664,0.0,0.0,0.321641816506875,0.35808113548739295,0.0,0.0,0.24593128390596744,0.1991879627418199,0.0,0.0
1237.jpg,0.3293732782369146,0.10743801652892562,0.0,0.0,0.0,0.0,0.0,0.599793388429752,0.049552341597796146,0.3293732782369146,0.049552341597796146,0.0
1238.jpg,0.8793717062487167,0.4472657586749709,0.22363287933748546,0.0,0.0,0.0,0.0,0.4579768667442338,0.0,0.49165012661693247,0.0,0.0
1239.jpg,0.10447510659012321,0.0,0.0,0.0,0.0,0.8607781918286501,0.0,0.0,0.0,0.21982744150132608,0.0,0.0
1240.jpg,0.0,0.7429951391683953,0.0,0.11244930183597016,0.0,0.0,0.0,0.5792749001517075,0.11244930183597016,0.0,0.11244930183597016,0.11244930183597016
1241.jpg,0.0,0.035906188760351475,0.0,0.0,0.0,0.0,0.0,0.2004551488716101,0.0,0.0,0.0,0.0
1242.jpg,0.0,0.00768596404420254,0.0,0.0,0.0,0.0,0.0,0.0,0.0,0.0,0.0,0.5032822035296058
1243.jpg,1.1604536421571987,0.0,0.0,0.0,0.0,0.0,0.4081066264647434,0.0,0.0,0.6555882957582403,0.0,0.0
1244.jpg,0.0,0.207284572105419,0.0,0.0,0.0,0.0,0.1041687230612312,0.6747935379857204,0.0,0.0,0.03175073207646498,0.03175073207646498
1245.jpg,0.0,0.0,0.0,0.0,0.0,0.0,0.13495527728085868,0.0,0.0,0.04747763864042934,0.0,0.0
1246.jpg,0.1673146348236601,0.26544709802832545,0.0,0.0,0.0,0.0819564009997223,0.32706192724243266,0.0,0.32706192724243266,0.7496181616217718,0.0,0.0
1247.jpg,0.10137781980278265,0.0,0.0,0.0,0.6293056868836958,0.21710792921788463,0.05977306497365933,0.0,0.025834121302174794,0.05068890990139133,0.0,0.0
1248.jpg,0.0,0.8419353754076864,0.0,0.0,0.0,0.0,0.2825056319558858,0.5239232036582495,0.0,0.0,0.0,0.2825056319558858
1249.jpg,0.0,0.2930027727939977,0.0,0.0,0.0,0.0,0.10370249551459794,0.4308921872451476,0.0,0.0,0.0,0.0
1250.jpg,0.0,0.0,0.0,0.0,0.9742070879734624,0.9742070879734624,0.0,0.0,0.0,0.0,0.0,0.0
1251.jpg,0.0,0.0,0.0,0.0,0.0,0.0,0.25023783636857844,0.0,0.0,0.3286558847512911,0.0,0.0
1252.jpg,0.0,0.0820253164556962,0.0,0.0,0.0,0.0,0.1319493670886076,0.19240506329113924,0.0,0.0,0.02119831223628692,0.0
1253.jpg,0.0,0.07488388710253661,0.0,0.0,0.0,0.0,0.0,0.062093604858878174,0.0,0.2753483386923901,0.0,0.0
1254.jpg,0.0,0.9773646196910529,0.0,0.0,0.0,0.0,0.058471852645402084,0.5855479144348067,0.11072329543491033,0.0,0.11072329543491033,0.0
1255.jpg,0.026586510641033883,0.26059281167620396,0.0,0.09747315630424998,0.0,0.0,0.0,0.13971581045457468,0.0,0.6314537388285218,0.025461325789236804,0.0
1256.jpg,0.0,0.0,0.0,0.0,0.04242445078557431,0.916732560937876,0.0,0.0,0.0,0.7655997524667377,0.0,0.0
1257.jpg,0.0,0.8553555897504516,0.11858566936508999,0.0,0.0,0.0,0.0,0.4015186994045628,0.0,0.0,0.0,0.0
1258.jpg,0.0947573445869177,0.3621490017854244,0.0,0.0,0.0,0.0,0.0,0.4381106963155332,0.0,0.0947573445869177,0.01675052751176757,0.0
1259.jpg,0.20943631267517906,0.8875739644970414,0.0,0.0,0.12413578324509499,0.0,0.02535035814388041,0.0,0.0,0.5430084085954532,0.0,0.0
1260.jpg,0.26450645455730865,0.18894249576215935,0.0,0.07403181640370322,0.0,0.0,0.0,0.5523536315034555,0.0,0.14728126222454035,0.0,0.0
1261.jpg,0.0,1.1993665924555517,0.0,0.0,0.0,0.0,0.0,0.0,0.0,0.6102035056912608,0.0,0.0
1262.jpg,0.0,0.0,0.0,0.0,0.346783545944471,0.346783545944471,0.17364758851217682,0.0,0.0,0.0,0.0,0.0
1263.jpg,0.0,1.1904083728016428,0.5952041864008214,0.22127645480740568,0.07776636968833836,0.20302719173318318,0.0,0.0,0.04673268638426125,0.0,0.04673268638426125,0.0
1264.jpg,0.0,0.0,0.0,0.0,0.0,0.0,0.0,0.30100526244771286,0.0,0.0,0.0,0.0
1265.jpg,1.2499598031964498,0.13165257098755506,0.0,0.08393092581277936,0.0,0.0,0.0,0.2751390809402836,0.0,0.6249799015982249,0.0,0.0
1266.jpg,0.0,0.0,0.0,0.0,0.0,0.0,0.0,0.0,0.0,0.3570177714359839,0.0,0.0
1267.jpg,0.0,0.48145828526222106,0.0,0.0,0.0,0.0,0.4240696179582688,0.0,0.0,0.0,0.0,0.0
1268.jpg,0.3495688650664181,0.03535639378100343,0.0,0.0,0.0,0.0,0.0,0.0,0.0,0.6206678429936412,0.0,0.0
1269.jpg,0.0,0.03365737051792829,0.0,0.0,0.0,0.0,0.19601593625498007,0.48812749003984063,0.0,0.0,0.19601593625498007,0.0
1270.jpg,0.3775868534997102,0.0,0.0,0.0,0.0,0.805052674644574,0.022638164399440865,0.0,0.036480174559339947,0.3416862704987897,0.0,0.0
1271.jpg,0.0,0.01709631823382917,0.0,0.0,0.0,0.0,0.0,0.22363195799959615,0.0,0.05105337551322609,0.0,0.0
1272.jpg,0.0,0.0,0.0,0.0,0.23104593248478142,0.0,0.25722883231876037,0.0,0.0493912562257886,0.0,0.0,0.0
1273.jpg,0.0,0.7803615878422638,0.0,0.0,0.0,0.0,0.0,0.0,0.35965544346914713,0.0,0.35965544346914713,0.0
1274.jpg,0.07162009368438055,0.944500080762397,0.29287675658213536,0.0,0.0,0.0,0.11132288806331772,0.831852689387821,0.0,0.03863673073816831,0.11132288806331772,0.4041996446454531
1275.jpg,0.0,0.0,0.0,0.0,0.47520971151878877,0.0,0.0,0.0,0.0,0.47520971151878877,0.0,0.0
1276.jpg,0.0,1.2021756518956968,0.0,0.0,0.0,0.0,0.0069428891377379615,0.0,0.042105263157894736,1.311918093105103,0.0,0.0
1277.jpg,0.0,0.620662172483645,0.0,0.0,0.0,0.0,0.0,0.5439179092086475,0.03393883040547272,0.0,0.03393883040547272,0.03393883040547272
1278.jpg,0.0,0.6146794934084799,0.0,0.0,0.0,0.140608298513264,0.01434910763450264,0.44666861011239595,0.0,0.0,0.0664334531791533,0.12065558902600979
1279.jpg,0.0,0.13459674454360104,0.0,0.0,0.0,0.0,0.0,0.32394130819880346,0.0,0.41077576122196596,0.6405628530365319,0.41077576122196596
1280.jpg,0.0,0.0,0.0,0.0,0.0,0.0,0.8007279051790775,0.0,0.0,0.0,0.0,0.0
1281.jpg,0.8427498263998485,0.0,0.0,0.0,0.0,0.4475727542453128,0.0,0.0,0.0,0.8671801022662711,0.0,0.0
1282.jpg,0.0,1.4353863381858902,0.1954567269236922,0.1954567269236922,0.0,0.0,0.0,0.12557990721484563,0.0,0.0,0.0,0.39872020476723724
1283.jpg,0.0,0.15923526220037662,0.0,0.0,0.0,0.0,0.14665985764897385,0.0,0.0,0.7017331077846223,0.0,0.0
1284.jpg,1.4115295331441837,0.5100593242197575,0.0,0.0,0.0,0.0,0.0,0.0,0.0,0.7057647665720919,0.0,0.0
1285.jpg,0.0,0.9208216992421221,0.0,0.0,0.0,0.0,0.0,0.0,0.0,0.0,0.0,0.46041084962106105
1286.jpg,0.0,1.0195480921969722,0.5097740460984861,0.0,0.0,0.0,0.0,0.7657146562064382,0.22371705514312576,0.0,0.22371705514312576,0.3300483029143839
1287.jpg,0.390133384389559,0.7125534494862468,0.0,0.0,0.0,0.25237730550769033,0.0,0.3680515667879252,0.0,0.736709426255664,0.3228987172123301,0.3228987172123301
1288.jpg,0.17700584714389508,0.0,0.0,0.0,0.0,0.9892744697782238,0.11202989309068263,0.0,0.0,0.08850292357194754,0.0,0.0
1289.jpg,0.0,1.1721398305084745,0.0,0.0,0.0,0.0,0.0,0.6830309851694916,0.0,0.0,0.005693855932203389,0.0
1290.jpg,0.059007714903644405,0.45766486975047616,0.0,0.0,0.0,0.0,0.0,0.5469188805319732,0.16507957003131155,0.049969334065011785,0.16507957003131155,0.0
1291.jpg,0.1030779524924724,1.1361659417865506,0.21267982602877217,0.0,0.11361659417865506,0.0,0.0,0.38457678153228503,0.0,0.21669454667112747,0.06420207427233188,0.06420207427233188
1292.jpg,0.0,1.1895576987030263,0.0,0.0,0.0,0.0,0.0,0.33801130695044895,0.0,0.0,0.03814432989690722,0.03814432989690722
1293.jpg,0.0,0.0,0.0,0.0,0.0,0.0,0.0,0.5669705128621014,0.0,0.0,0.0,0.0
1294.jpg,0.392476528799797,0.5359045927429587,0.0,0.0,0.0,0.0,0.0,0.263575234712002,0.0,0.7512052778482619,0.0,0.0
1295.jpg,0.0,1.1081878284454993,0.2602135955246652,0.0,0.0,0.0,0.0,0.6904221054416003,0.15368706560433973,0.17765723003898967,0.4373283607391083,0.15368706560433973
1296.jpg,0.5167843668375738,0.00435329399245429,0.0,0.0,0.0,0.3306891103156944,0.0,0.0,0.047918480539163526,0.687046531875786,0.0,0.0
1297.jpg,0.0,0.7560640118093065,0.37803200590465325,0.0,0.0,0.0,0.162679907404301,0.6856778609051565,0.0,0.0,0.02459153890025833,0.162679907404301
1298.jpg,0.09956124435060865,0.05839078943027744,0.0,0.0,0.0,0.06822155510836934,0.0,0.0,0.49691551479563223,0.5371622736119817,0.06822155510836934,0.0
1299.jpg,0.0,1.9197911722828667,0.0,0.0,0.0,0.05075146337604809,0.07040025312450561,0.0,0.0,0.0,0.0,0.0
1300.jpg,0.1651025606649685,0.9443625150824507,0.227979621933235,0.0,0.0,0.004591768333556777,0.0,0.3017830808419359,0.0,0.290789650087143,0.0,0.06730124681592707
1301.jpg,0.3742903347899391,0.8967759694456869,0.19051715239307712,0.0,0.0,0.0,0.0,0.24446891236279805,0.0,0.6099852045556206,0.0,0.0
1302.jpg,0.0,0.7078819331819656,0.0,0.0,0.0,0.0,0.0,0.5742783003567953,0.0,0.0,0.2484268569575089,0.0
1303.jpg,0.17854842864502835,0.4100978876867594,0.2050489438433797,0.0,0.0,0.0,0.0,0.9398827923750644,0.0,0.09775888717156105,0.2732805255023184,0.0
1304.jpg,0.0,0.8074367451147262,0.4037183725573631,0.0,0.0,0.12700075283951426,0.06805014565807993,0.4418513305620111,0.2577329710975091,0.2577329710975091,0.0,0.0
1305.jpg,0.4266209029532682,0.0,0.0,0.0,0.0,0.21133029080073926,0.0,0.0,0.0,0.9864971900577075,0.0,0.0
1306.jpg,0.3336439888164026,0.0,0.0,0.0,0.23012667840254047,0.41255048151599877,0.0,0.0,0.21286804045424734,0.1668219944082013,0.0,0.0
1307.jpg,0.5286588367677052,0.4624094521415008,0.0,0.0,0.3742175961741332,0.0,0.21182924256276814,0.0,0.0,0.4700752514241508,0.0,0.0
1308.jpg,0.0,0.13802022102045614,0.0,0.0,0.0,0.03963588727284942,0.07470357058882805,0.24594403950152832,0.0,0.0,0.1494071411776561,0.1494071411776561
1309.jpg,0.0,0.0,0.0,0.0,0.0,0.0,0.0,0.0,0.6215077153150703,0.5229760043504861,0.0,0.0
1310.jpg,0.0,2.186923052352509,0.7289743507841697,0.0,0.0,0.0,0.0,0.0,0.015523684798926757,0.0,0.0,0.0
1311.jpg,0.0,0.3775698471270427,0.0,0.0,0.0,0.0,0.0,0.0,0.0,0.0,0.0,0.0
1312.jpg,0.4171791931616804,0.624969595885889,0.3124847979429445,0.0,0.0,0.0,0.04100211960109802,0.828347058619132,0.0,0.2085895965808402,0.0,0.04100211960109802
1313.jpg,0.0,0.19349435529797998,0.0,0.0,0.3097383672238786,0.0,0.0,0.0,0.0,0.4064855448728686,0.0,0.0
1314.jpg,0.0,0.0,0.0,0.0,0.0,0.0,0.11121255156556435,0.0,0.0,0.0,0.0,0.0
1315.jpg,0.0,0.0,0.0,0.0,0.0,0.8239060149172509,0.23918819424437401,0.0,0.0,0.0,0.0,0.0
1316.jpg,0.0,0.0,0.0,0.0,0.0,0.0,0.0,0.0,0.3663206379760759,0.3019043035886154,0.0,0.0
1317.jpg,0.0,0.0,0.0,0.0,0.616160258133907,0.616160258133907,0.0,0.0,0.30300484001075556,0.0,0.0,0.0
1318.jpg,0.0,0.9933588561606376,0.0,0.0,0.0,0.012657238846784906,0.019298382686147354,0.42483787795921557,0.0,0.0,0.03195562153293226,0.0
1319.jpg,0.0,0.0,0.0,0.0,0.0,0.0,0.0,0.5479620077997233,0.0,0.0,0.10032708516794565,0.10032708516794565
1320.jpg,0.0,1.3368023606307706,0.0,0.0,0.0,0.0,0.2792143922327633,0.0,0.0,0.0,0.04534060982961576,0.04534060982961576
1321.jpg,0.0,0.32960262860663314,0.0,0.0,0.0,0.0,0.0,0.0,0.0,0.45843173494883116,0.0,0.0
1322.jpg,0.0,0.0,0.0,0.0,0.0,0.0,0.0,0.0,0.2881215925987114,0.624186353874112,0.0,0.0
1323.jpg,0.0,0.0,0.0,0.0,0.0,0.0,0.15780564479911563,0.0,0.0,0.5503160949321173,0.0,0.0
1324.jpg,0.0,0.0,0.0,0.0,0.0,0.0,0.0,0.0,0.06366606935806894,0.4380380169354555,0.0,0.0
1325.jpg,0.6442467299648098,0.0,0.0,0.0,0.0,0.22830489343337096,0.0,0.3181395657658854,0.006274483766018192,0.3711240953455946,0.35635083991766814,0.0
1326.jpg,0.7783526961502164,1.261609554492499,0.2855283282892382,0.0,0.0,0.0,0.0,0.3413713430310131,0.0,0.3891763480751082,0.2025122848123922,0.0
1327.jpg,0.0,1.2006149895249036,0.3306413462188281,0.0,0.0,0.0,0.0,0.2280191930796783,0.0,0.006724336014056903,0.20406163411502332,0.3306413462188281
1328.jpg,0.05451100943665999,0.0,0.0,0.0,0.0,0.0,0.0,0.0,0.40509722619388044,0.6730769230769231,0.0,0.0
1329.jpg,0.0,0.15611406476558723,0.07805703238279361,0.0,0.0,0.0,0.0,0.3071877373472347,0.0,0.0,0.08651522474625423,0.0
1330.jpg,0.0,0.8467833903535252,0.0,0.0,0.0,0.0,0.0,0.5381029046756557,0.0,0.0,0.2428053934393238,0.2428053934393238
1331.jpg,0.5998679867986799,1.017920792079208,0.38445544554455446,0.38445544554455446,0.0,0.0,0.0,0.20405940594059405,0.0,0.3546204620462046,0.5838283828382839,0.5838283828382839
1332.jpg,0.0,1.1601587921384875,0.28393856566445397,0.0,0.0,0.0,0.0,0.0,0.0,1.4151047767799037,0.0,0.0
1333.jpg,0.0,1.3722718640057288,0.0,0.0,0.0,0.0,0.008126031321024938,0.0,0.0,0.0,0.0,0.6861359320028644
1334.jpg,0.535975043143502,0.0,0.0,0.0,0.0,0.6522301871764238,0.0,0.0,0.0,0.3159099960175229,0.0,0.0
1335.jpg,0.0,1.2324264152178894,0.0,0.3455456242019448,0.0,0.1990636152309858,0.0,0.0,0.0,0.0,0.0,0.270667583407
1336.jpg,0.495646972818502,1.4368977204758424,0.0,0.7705190403402672,0.0,0.0,0.0,0.591646175317339,0.2969694955805144,0.247823486409251,0.04449391905363195,0.0
1337.jpg,0.0,0.0,0.0,0.34774647434867806,0.0,0.0,0.0,0.0,0.34774647434867806,0.2800282694593466,0.0,0.0
1338.jpg,0.0,1.150598146588037,0.4153327716933446,0.4153327716933446,0.0,0.0,0.0,0.0,0.0,0.0,0.0,0.27733782645324345
1339.jpg,0.0,0.768393112366433,0.0,0.15160280405635337,0.0,0.0,0.0,0.44507588647655344,0.062206492887769686,0.12216701830803785,0.062206492887769686,0.0
1340.jpg,0.0,0.8856517879786964,0.0,0.0,0.0,0.0,0.005611209738777581,0.0,0.0,0.0,0.17049201115901597,0.07713035759573929
1341.jpg,0.0,0.864080624978863,0.0,0.0,0.0,0.0,0.0,0.5096215631235416,0.0,0.21120091988230918,0.0813351821164057,0.0
1342.jpg,0.20099907979492573,0.1292230840015775,0.0,0.0,0.0,0.0,0.0,0.0,0.0,0.10049953989746287,0.0,0.0
1343.jpg,0.8411006193522185,0.34230209496734015,0.0,0.0,0.0,0.0,0.0,0.2943107591295225,0.0,0.42055030967610924,0.0,0.0
1344.jpg,0.0,0.1895590630088939,0.0,0.0,0.0,0.6488788675936364,0.0,0.23393461104847801,0.0,0.0,0.20315044469497684,0.0
1345.jpg,0.0,0.25477986960662224,0.0,0.0340634385759285,0.0,0.0,0.0,0.23218079261592559,0.0340634385759285,0.2837521060728152,0.0340634385759285,0.0
1346.jpg,0.0,0.5897933227344992,0.0,0.0,0.0,0.0,0.0,0.6081081081081081,0.0,0.0,0.042003179650238476,0.0
1347.jpg,1.2277500083867288,0.0,0.0,0.0,0.0,0.0,0.33724714012546547,0.0,0.0,0.6138750041933644,0.0,0.0
1348.jpg,0.0,0.4629806381238069,0.0,0.0,0.0,0.0,0.0,0.6636214889555495,0.0,0.0,0.0,0.0
1349.jpg,0.0,0.849895178197065,0.0,0.0,0.30213137665967854,0.30213137665967854,0.0,0.0,0.0,0.0,0.0,0.30213137665967854
1350.jpg,0.01731893837156995,1.57840113103271,0.33580746738641476,0.0,0.0,0.0,0.0,0.0,0.0,0.28430049482681063,0.18176852387378703,0.0
1351.jpg,0.0,0.3948156832095871,0.0,0.0,0.0,0.0,0.0,0.0,0.0,0.009769441187964049,0.0,0.6567344014589033
1352.jpg,0.0,1.2312133135522156,0.41040443785073855,0.0,0.0,0.3895375088692511,0.0,0.0,0.02512416951557763,0.014223053602528542,0.02512416951557763,0.0
1353.jpg,0.0,0.0,0.0,0.0,0.0,0.0,0.09157926481922059,0.0,0.0,0.0,0.0,0.0
1354.jpg,0.0,0.9051772128409723,0.0,0.20040823900538132,0.0,0.0,0.0,0.3723634564235789,0.0,0.0,0.04305065874930414,0.45258860642048615
1355.jpg,0.0,0.6915991276893533,0.0,0.18679816424177326,0.0,0.16150766526706375,0.027699117924681833,0.5159977866744784,0.0,0.0,0.10435178856231488,0.07665267063763305
1356.jpg,0.0,0.7436434438299683,0.0,0.0,0.0,0.0,0.0,0.0,0.0,0.1974213815897117,0.2045223992931706,0.0
1357.jpg,0.0,0.0,0.0,0.0,0.0,0.8062304873082666,0.0,0.0,0.15250441156508757,0.0,0.035496131396769375,0.0
1358.jpg,0.0,0.5673489765351972,0.2836744882675986,0.15946080878681976,0.0,0.0,0.0,0.30294558162755864,0.072591113330005,0.0,0.072591113330005,0.0
1359.jpg,0.0,0.6478529144611144,0.0,0.0,0.0,0.0,0.0,0.0,0.0,0.0,0.0,0.0
1360.jpg,0.0,0.3261538461538461,0.0,0.0,0.09318681318681318,0.12750633981403212,0.0,0.0,0.0,0.15885038038884192,0.09318681318681318,0.09318681318681318
1361.jpg,0.0,1.1662358253196843,0.0,0.0,0.0,0.18471030227828905,0.0,0.0,0.0,0.0,0.18471030227828905,0.18471030227828905
1362.jpg,0.10089838698700061,0.0,0.0,0.0,0.0,0.6216225413462193,0.0,0.0,0.0,0.2101340774518478,0.0,0.0
1363.jpg,0.07671727643635877,0.0,0.0,0.0,0.0,0.0,0.0,0.0,0.3245936726640358,0.9367600829375962,0.0,0.0
1364.jpg,0.02656898821781844,0.42756827926133484,0.0,0.0,0.0,0.0,0.0,0.5543026906586543,0.0,0.02656898821781844,0.21147159110090813,0.0
1365.jpg,0.0,0.35006982775819645,0.0,0.0,0.44147768836869056,0.6534880627784797,0.0,0.25207820708918,0.0,0.0,0.11351998403936955,0.16625656713440182
1366.jpg,0.0,0.29931573802541545,0.0,0.0,0.0,0.0,0.0,0.0,0.0,0.0,0.03248615184099055,0.03248615184099055
1367.jpg,0.0,0.2165459646375677,0.0,0.0,0.0,0.0,0.10067201670255105,0.5525543159130946,0.12445357865205194,0.0,0.12445357865205194,0.12445357865205194
1368.jpg,0.0,1.380448783133347,0.6902243915666735,0.36438207579147175,0.0860280658938377,0.0860280658938377,0.0,0.0,0.0,0.0,0.0,0.3258423157752017
1369.jpg,0.0,0.0,0.0,0.0,0.08380408054761747,0.0,0.0,0.0,0.05074101149730843,0.1184953811390975,0.0,0.0
1370.jpg,0.0,1.3267040998776625,0.21336930267574264,0.0,0.0,0.0,0.0,0.0,0.12472160356347439,0.0,0.3432980959252172,0.0
1371.jpg,0.3769305180292872,0.0,0.0,0.0,0.11154474799025985,0.11154474799025985,0.0,0.0,0.4976483538476934,0.686113612862337,0.0,0.0
1372.jpg,0.19568375181572942,0.58483779483987,0.0,0.0,0.0,0.0,0.0,0.0,0.6706093933734523,1.060870166701252,0.0,0.0
1373.jpg,0.0,1.290489991238121,0.33729864527869513,0.0,0.0,0.0,0.06733167082294264,0.0,0.0,0.0,0.0,0.0
1374.jpg,0.0,0.3590411672746222,0.0,0.0,0.0,0.0,0.0,0.0,0.0,0.4196282786173354,0.6398124022928608,0.4196282786173354
1375.jpg,0.0,0.6208157347286137,0.0,0.0,0.0,0.0,0.0,0.47680136165920695,0.0,0.0,0.0,0.0
1376.jpg,0.1288231987567371,0.5294448302086433,0.0,0.0,0.37936051317660285,0.6798928677710545,0.0,0.0,0.0,0.19849221307409978,0.6798928677710545,0.0
1377.jpg,0.0,1.9314397033871678,0.0,0.0,0.0,0.0,0.25086407339910766,0.0,0.0,0.0,0.0,0.0
1378.jpg,0.0,0.7645965277121342,0.0,0.0,0.0,0.0,0.0,0.0,0.0,0.0,0.49324132715757635,0.49324132715757635
1379.jpg,0.0,1.7892196042072956,0.5964065347357652,0.0,0.0,0.0,0.0,0.0,0.0,0.0,0.18012084785319224,0.0
1380.jpg,0.0,0.17173121482952663,0.0,0.0,0.0,0.0,0.06408474015226746,0.5799735187024164,0.0,0.0,0.10619000331016219,0.0
1381.jpg,0.025148279952550416,0.0,0.0,0.0,0.47544483985765124,0.47544483985765124,0.13916285375360107,0.0,0.13916285375360107,0.26158278257922385,0.0,0.0
1382.jpg,0.04668773870670354,0.43612537863821943,0.0,0.0,0.0,0.0,0.0,0.0,0.0,0.4929211115501119,0.04737916502041354,0.04737916502041354
1383.jpg,0.0,0.0,0.0,0.0,0.10915373670302866,0.0,0.3134019920048784,0.0,0.0,0.10915373670302866,0.0,0.0
1384.jpg,0.25273602320675104,0.0,0.0,0.0,0.0,0.0,0.0,0.0,0.0,0.4056566455696203,0.0,0.0
1385.jpg,0.0,1.0930629875572175,0.0,0.0,0.0,0.0,0.0,0.0,0.0,0.0,0.10934175746244601,0.10934175746244601
1386.jpg,0.0,0.75151838750584,0.0,0.2936327838216646,0.0,0.0,0.0,0.4179069612227191,0.2936327838216646,0.0,0.13602082360008008,0.0
1387.jpg,0.8262238312608217,0.0,0.0,0.0,0.34849677317802613,0.34849677317802613,0.0,0.0,0.0,0.4732567291043601,0.0,0.0
1388.jpg,0.0,0.510066645730835,0.0,0.0,0.0,0.0,0.0241459925328867,0.0,0.03747513869988485,1.024355350849646,0.0,0.0
1389.jpg,0.9993998736576122,0.6469993682880606,0.0,0.0,0.0,0.0,0.0,0.0,0.0,1.0434301958307013,0.04298799747315224,0.0
1390.jpg,0.0,0.16513369686617174,0.0,0.0,0.0,0.0,0.0,0.2756389199132777,0.0,0.008540831745614612,0.08806911503843375,0.5646146770908613
1391.jpg,0.6191916591581929,0.0,0.0,0.0,0.2280216244046853,0.35278028060239414,0.0,0.0,0.0,0.3095958295790964,0.0,0.0
1392.jpg,0.0,0.7521964856230032,0.0,0.0,0.0,0.0,0.0,0.5044595314164004,0.015808040468583598,0.0,0.015808040468583598,0.04140042598509052
1393.jpg,0.40207206251546973,0.0,0.0,0.0,0.12365192178494396,0.0,0.0,0.0,0.0,0.3694353099253916,0.0,0.0
1394.jpg,0.17883618710227644,0.4493866036869383,0.0,0.0,0.0,0.0,0.0,0.0,0.46650921734566686,1.171291740471036,0.0,0.0
1395.jpg,0.7875308770831159,0.32345266673624884,0.0,0.0,0.0,0.0,0.0,0.0,0.0,0.4961207946282573,0.0,0.0
1396.jpg,0.42536812740562874,0.468342808714997,0.0,0.0,0.0,0.0,0.04869522228892263,0.0,0.035029485504431655,0.9118966065185917,0.0,0.0
1397.jpg,0.133570303052512,0.18831763714317123,0.0,0.0,0.0,0.0,0.340210341163106,0.0,0.0,0.1418520282897871,0.0,0.0
1398.jpg,0.0,0.7558880936890046,0.0,0.0,0.0,0.0,0.0,0.0,0.0,0.0,0.11535458685751464,0.0
1399.jpg,0.0,0.5919310344827586,0.0,0.0,0.17375862068965517,0.0,0.2374137931034483,0.0,0.2374137931034483,0.0,0.0,0.0
1400.jpg,0.0,0.0,0.0,0.0,0.0,0.07374312978386216,0.0,0.0,0.1966146272380888,0.428768924705803,0.0,0.0
1401.jpg,0.07462206497266002,1.6826954004503056,0.329109038275973,0.0,0.0,0.0,0.0,0.0,0.0,0.03731103248633001,0.3414924412994532,0.0
1402.jpg,0.0,0.21525219487002928,0.0,0.0,0.0,0.0,0.0,0.4680323635737648,0.0,0.0,0.0,0.0
1403.jpg,0.0,0.0,0.0,0.0,0.0,0.0,0.0,0.3859993687090099,0.0,0.0,0.0,0.0
1404.jpg,0.0,1.0093661994114482,0.0,0.0,0.0,0.0,0.15106160807518274,0.0,0.0,0.0,0.0,0.0
1405.jpg,0.0,0.9784330692937496,0.4892165346468748,0.0,0.0,0.0,0.0,0.0,0.2588364507754776,0.2588364507754776,0.2588364507754776,0.2588364507754776
1406.jpg,0.03616284819515411,0.10047799571452118,0.0,0.0,0.0,0.0,0.33149826932586124,0.29876380418658316,0.0,0.03616284819515411,0.0,0.0
1407.jpg,0.0,0.9410218498439297,0.47051092492196483,0.0,0.0,0.0,0.0,0.0,0.1664859536717595,0.0,0.1664859536717595,0.1664859536717595
1408.jpg,0.0,0.5739205699257631,0.0,0.0,0.0,0.0,0.02806351742734445,0.8817537201637871,0.0,0.0,0.02806351742734445,0.2632910549618829
1409.jpg,0.0,1.4762843900995957,0.0,0.0,0.0,0.0,0.0,0.0,0.31492620714590935,0.0,0.31492620714590935,0.0
1410.jpg,0.0,0.0,0.0,0.0,0.0,0.4185649979538944,0.29808348110762517,0.0,0.0,0.0,0.0,0.0
1411.jpg,0.0,0.46212635869565216,0.0,0.0,0.0,0.0,0.0,0.7259171195652174,0.0,0.0,0.0,0.0
1412.jpg,1.2007516848107829,0.0,0.0,0.0,0.0,0.12947122861586313,0.0,0.0,0.0,0.6003758424053914,0.0,0.0
1413.jpg,0.0,0.3395408988037504,0.0,0.0,0.0,0.0,0.0,0.8076947946977044,0.004946653734238604,0.0,0.004946653734238604,0.004946653734238604
1414.jpg,0.41474621293703784,0.22980831359035106,0.0,0.0,0.0,0.5745207839758777,0.012061167348696963,0.27837604996769333,0.0,0.20737310646851892,0.0,0.0
1415.jpg,0.8374915230038905,0.3684191740728843,0.0,0.0,0.0,0.0,0.0,0.0,0.0,0.41874576150194526,0.0,0.0
1416.jpg,0.0,0.0,0.0,0.0,0.3903785992466322,0.8967630722083892,0.003702994317819064,0.0,0.0,0.0,0.0,0.0
1417.jpg,0.0,0.0,0.0,0.0,0.0,0.0,0.0,0.0,0.47103927427193204,0.3934266892256741,0.0,0.0
1418.jpg,0.0,1.3702353103068667,0.0,0.0,0.0,0.0,0.0,0.0,0.0,0.02225815329572038,0.0,0.0
1419.jpg,0.0,0.23251369601223085,0.0,0.0,0.0,0.0,0.11482354440056058,0.3509045738310613,0.0,0.0,0.0,0.11482354440056058
1420.jpg,0.38154851000136075,0.7292488773982855,0.0,0.0,0.0,0.0,0.0,0.6234181521295414,0.0,0.19077425500068038,0.0,0.05932779970063954
1421.jpg,0.0,1.8308972113700661,0.6102990704566886,0.19112892361578876,0.0,0.0,0.0,0.0,0.19112892361578876,0.15643944496834164,0.0,0.0
1422.jpg,0.0,0.011994103457518092,0.0,0.0,0.0,0.0,0.0,0.15146743500402038,0.0,0.0,0.3377445725006701,0.0
1423.jpg,0.0,0.0,0.0,0.0,0.0,0.3654481755684823,0.0,0.0,0.26880618720253835,0.0,0.0,0.0
1424.jpg,0.0,0.7685362517099863,0.0,0.0,0.0,0.0,0.24076607387140903,0.0,0.0,0.3292065663474692,0.0,0.0
1425.jpg,0.0,1.1916416053095509,0.0,0.0,0.0,0.45390438660168,0.008849251616025441,0.0,0.0,0.0,0.0,0.34850841715925196
1426.jpg,0.0,0.0,0.0,0.0,0.6491834708480263,0.6491834708480263,0.9487829093772467,0.0,0.0,0.0,0.0,0.0
1427.jpg,0.8154178563160738,0.9405818350181341,0.0,0.0,0.0,0.0,0.0,0.0,0.0,0.8472875993518019,0.0,0.0
1428.jpg,0.0,0.0,0.0,0.0,0.9871710412260324,0.4644776533407302,0.0,0.0,0.0,0.7569085676640893,0.0,0.0
1429.jpg,0.0,1.337796392177555,0.1439501368598094,0.0,0.0,0.0,0.029053853510536555,0.38894568479372094,0.0,0.0,0.0,0.029053853510536555
1430.jpg,0.0,1.8470245899018323,0.5685415534166853,0.0,0.0,0.0,0.0,0.0,0.0,0.0,0.2720237904901992,0.46906276980142614
1431.jpg,0.0,0.21215652600588814,0.0,0.0,0.0,0.297381010794897,0.0564892051030422,0.0,0.0,0.5486997055937193,0.0,0.0
1432.jpg,0.0,0.3377210477330142,0.0,0.0,0.0,0.0,0.0740593006249169,0.0,0.0740593006249169,0.0,0.3907060231352214,0.3907060231352214
1433.jpg,0.0,1.298091849935317,0.4326972833117723,0.2241267787839586,0.0,0.0,0.0,0.0,0.2241267787839586,0.0,0.2241267787839586,0.0
1434.jpg,0.0,0.6684171308945108,0.0,0.0,0.0,0.0,0.0,0.0,0.0,0.0,0.0,0.0
1435.jpg,0.39470854647942394,0.3370369163598449,0.0,0.0,0.0,0.0,0.0,0.48277996806881496,0.0,0.19735427323971197,0.0,0.0
1436.jpg,0.14796332106543572,0.23516935936622793,0.0,0.0,0.0,0.0,0.0,0.12516374524359053,0.0,0.23329798515376457,0.15931632462104672,0.0
1437.jpg,0.0,0.0,0.0,0.0,0.0,0.0,0.0,0.07261757425742574,0.0,0.37246287128712874,0.0,0.0
1438.jpg,0.3192079207920792,0.18191419141914192,0.0,0.0,0.0,0.0,0.0,0.0,0.0,0.6142904290429043,0.0,0.0
1439.jpg,0.7407203550173724,0.3244005641748942,0.0,0.0,0.0,0.0,0.0,0.0,0.009873060648801129,0.37686194915545773,0.009873060648801129,0.0
1440.jpg,0.81123353376664,0.1564074936568072,0.0,0.0,0.0,0.0,0.0,0.0,0.0,0.40561676688332,0.4873309930137986,0.0
1441.jpg,0.0,2.035803034266283,0.4766871566832331,0.0,0.0,0.0,0.0,0.0,0.0,0.0,0.7236136541982736,0.30287078210829194
1442.jpg,0.0,1.086667355870292,0.0,0.31489713635893724,0.0,0.0,0.0,0.5645956097729075,0.31489713635893724,0.0,0.31489713635893724,0.0
1443.jpg,0.0,0.5403842108953235,0.0,0.0,0.0,0.0,0.0,0.5002804459089953,0.0,0.0,0.530568604080488,0.0
1444.jpg,0.0,0.7925356750823271,0.32897581745002163,0.32897581745002163,0.0,0.0,0.039583541230083494,0.0,0.0,0.0,0.0,0.4635598576323055
1445.jpg,0.0,0.7190577588501464,0.0,0.0,0.0,0.24075059888208677,0.0,0.0,0.1498868778280543,0.0,0.1498868778280543,0.1498868778280543
1446.jpg,0.0,0.8271663078579118,0.0,0.11309203444564048,0.0,0.0,0.0,0.449979817007535,0.11309203444564048,0.0,0.11309203444564048,0.0
1447.jpg,0.0,0.03341139219631254,0.0,0.0,0.0,0.0,0.0,0.12140901744780501,0.0,0.6859724924964544,0.04287740360829843,0.0
1448.jpg,0.0,0.0,0.0,0.0,0.0,0.0,0.09690842300315335,0.7071291570495107,0.055752413770683656,0.0,0.055752413770683656,0.050616039790643996
1449.jpg,0.2311076351549516,0.0,0.0,0.0,0.0,0.0,0.3681037572913612,0.0,0.0,0.2311076351549516,0.0,0.0
1450.jpg,0.0,1.1276274766167154,0.0,0.0,0.0,0.0,0.04686714271346676,0.49220557175902646,0.0,0.0,0.0,0.04686714271346676
1451.jpg,0.0,0.07306797883455225,0.0,0.0,0.0,0.0,0.0,0.0,0.0,0.0,0.3749115297765495,0.3749115297765495
1452.jpg,0.2652712928674932,0.48320721300917724,0.0,0.0,0.0,0.0,0.0,0.0,0.0,1.1374979874416358,0.0,0.0
1453.jpg,0.0,0.9965726849456803,0.0,0.0,0.0,0.0839692188308329,0.0,0.0,0.0,0.0,0.4188437661665804,0.33487454733574756
1454.jpg,0.0,0.18340524394291405,0.0,0.0,0.0,0.0,0.0,0.6939595087952207,0.0,0.0,0.0,0.0
1455.jpg,0.09984378183794064,0.19656320043469402,0.0,0.0,0.0,0.0,0.07080757997690688,0.2660463220810976,0.0,0.04992189091897032,0.010935271344155404,0.07080757997690688
1456.jpg,0.47381344932823516,0.0,0.0,0.0,0.05805591609078472,0.9841442452730909,0.0,0.0,0.0,0.3655944154067422,0.0,0.0
1457.jpg,0.0,0.2734513274336283,0.0,0.0,0.0,0.0,0.0,0.0,0.0,0.667290673927842,0.0,0.0
1458.jpg,1.0434056761268782,0.0,0.0,0.0,0.0,0.0,0.0,0.0,0.03658271031429194,0.5217028380634391,0.0,0.0
1459.jpg,0.0,0.708217600433575,0.0,0.0,0.0,0.420398346995461,0.0,0.0,0.0,0.13288395095183253,0.0940993157645146,0.0513854074927173
1460.jpg,0.0,0.32208926369121027,0.0,0.0,0.0,0.0,0.0,0.8290056998100064,0.0,0.0,0.08883037232092264,0.08883037232092264
1461.jpg,0.0,1.0268759546326087,0.0,0.0,0.0,0.011309349712391538,0.0,0.0,0.0,0.0,0.011309349712391538,0.0
1462.jpg,0.058526343415786365,1.5647923364608622,0.203595564595499,0.2820024932747195,0.0,0.0,0.0,0.27852503116593397,0.0,0.5442884325175513,0.0,0.4770028213371826
1463.jpg,1.360201841475802,0.4602378845964809,0.0,0.0,0.0,0.0,0.0,0.0,0.0,1.360201841475802,0.0,0.0
1464.jpg,0.0,0.1332025143845412,0.0,0.0,0.4362922805733861,0.0,0.041507300362523696,0.40243456280972495,0.041507300362523696,0.0,0.4400172947084844,0.0
1465.jpg,0.0,0.3224879132366392,0.0,0.0,0.0,0.0,0.0,0.0,0.0,0.0,0.0,0.0
1466.jpg,0.0,0.0,0.0,0.0,0.6288714257412666,0.6288714257412666,0.07280591692531202,0.0,0.07280591692531202,0.0,0.845407118800766,0.0
1467.jpg,0.0,0.18608593597183282,0.0,0.0,0.0,0.0,0.0,0.0,0.0,0.0,0.6954423942100803,0.6954423942100803
1468.jpg,0.14825016774375815,0.5498110675565915,0.0,0.0,0.0,0.0,0.01514990994808772,0.42303210085814175,0.0,0.10011653776883145,0.01514990994808772,0.0
1469.jpg,0.0,0.0,0.0,0.0,0.5223798184767229,0.0,0.0,0.0,0.0,0.5223798184767229,0.0,0.0
1470.jpg,0.884843122575376,0.4415027564146192,0.0,0.0,0.0,0.0,0.0,0.0,0.0,0.8890628190294698,0.0,0.0
1471.jpg,0.0,0.0,0.0,0.0,0.0,0.0,0.1264819205690575,0.0,0.0,0.15549051570835803,0.0,0.0
1472.jpg,0.414534737898169,1.1119262603461249,0.0,0.0,0.0,0.0,0.0,0.0,0.0,0.2833897667419112,0.0,0.0
1473.jpg,0.0,0.1266802882030326,0.0,0.0,0.0,0.0,0.0,0.0,0.0,0.0,0.0,0.0
1474.jpg,0.35105440949788463,0.21435833524646616,0.0,0.0,0.0,0.0,0.0,0.28188645829917025,0.0,0.17552720474894232,0.0,0.0
1475.jpg,0.0,1.0741017720695822,0.3339944724435051,0.0,0.0,0.0,0.06665582832059827,0.8349211510323524,0.0,0.0,0.0,0.06665582832059827
1476.jpg,0.0,0.0,0.0,0.0,0.0,0.0,0.0,0.0,0.0,0.7458625341361498,0.0,0.0
1477.jpg,0.0,1.0357937020299834,0.0,0.0,0.0,0.0,0.0,0.0,0.0,0.0,0.0,0.0
1478.jpg,0.6481127725446282,0.04466108951979448,0.0,0.0,0.0,0.0,0.0,0.3051841117185956,0.0,0.6765035241420196,0.0,0.0
1479.jpg,0.45665466997449244,0.8219714175897131,0.13651769803277544,0.0,0.0,0.0,0.0,0.45504734616862924,0.0,0.28861944861805094,0.2862434047311227,0.4109857087948566
1480.jpg,0.35786635323400284,0.9573408925916963,0.0,0.0,0.0,0.2902478653161406,0.0,0.0,0.0,0.17893317661700142,0.0,0.0
1481.jpg,0.0,0.6693517849151434,0.0,0.0,0.0,0.23054149884677613,0.0,0.3706151674756446,0.0,0.0,0.2547419876759957,0.20878515611552895
1482.jpg,0.0,0.42038471328315336,0.0,0.0,0.0,0.0,0.14024944547471002,0.3662775899058216,0.0,0.0,0.14024944547471002,0.14024944547471002
1483.jpg,0.7278668225906308,0.6411914425259683,0.2137304808419894,0.0,0.0,0.0,0.0,0.738563665130357,0.0,0.3639334112953154,0.0,0.0
1484.jpg,0.35196603659152936,1.5169985511641229,0.38859125981333603,0.0,0.0,0.0,0.0,0.0,0.0,0.23538528926176758,0.025034536204050002,0.38859125981333603
1485.jpg,0.3029153997495976,0.6324450008942945,0.3162225004471472,0.0,0.0,0.0,0.0,0.0,0.0,0.6389554641387944,0.0,0.0
1486.jpg,0.2775045118369369,0.0,0.0,0.0,0.0,0.0,0.0,0.16047984712834848,0.0,0.25521072932517075,0.0,0.0
1487.jpg,0.0,0.0,0.0,0.366468147751606,0.0,0.5744111349036403,0.0,0.0,0.366468147751606,0.0,0.0,0.0
1488.jpg,0.0,0.0,0.0,0.0,0.0,0.0,0.0,0.0,0.0,0.0,0.0,0.0
1489.jpg,0.0,0.0,0.0,0.0,0.0,0.0,0.0,0.0,0.3875741734953377,0.3875741734953377,0.0,0.0
1490.jpg,0.0,0.8743064092766721,0.0,0.0,0.0,0.2175632122802937,0.0,0.0,0.0,0.0,0.0,0.0
1491.jpg,0.84426723849092,0.7123902700529384,0.0,0.0,0.0,0.0,0.0,0.0,0.0,1.1192789653554915,0.051899752060577634,0.0
1492.jpg,0.0,0.0,0.0,0.0,0.26073899986943466,0.0,0.4944509727118423,0.0,0.0,0.26073899986943466,0.0,0.0
1493.jpg,0.0,1.0245721807810444,0.0,0.0,0.0,0.0,0.0,0.0,0.0,0.0,0.31424601433377214,0.024901272487933303
1494.jpg,0.7532928410564389,0.0,0.0,0.0,0.0,0.0,0.0,0.0,0.0,0.6978093223230738,0.0,0.0
1495.jpg,0.8116600562208788,0.614309368862875,0.0,0.0,0.0,0.0,0.0,0.0,0.0,0.4058300281104394,0.0,0.0
1496.jpg,1.0511556136996412,0.02475596256415417,0.0,0.0,0.0,0.0,0.0,0.17802153567475093,0.0,0.5255778068498206,0.0,0.0
1497.jpg,0.0,0.09200283085633404,0.0,0.0,0.0,0.0,0.024736292252215818,0.6344488255316281,0.0,0.0,0.0,0.024736292252215818
1498.jpg,1.3396160558464223,0.8950023798191338,0.2983341266063779,0.0,0.0,0.0,0.0,0.0,0.0,0.6698080279232111,0.0,0.0
1499.jpg,0.06168415664192475,0.0,0.0,0.0,0.0,0.0,0.0,0.0,0.0,0.7286920911185052,0.0,0.0
1500.jpg,0.6200835421888053,0.3545530492898914,0.0,0.1772765246449457,0.0,0.0,0.0,0.0,0.0,0.44651629072681703,0.0,0.0
1501.jpg,0.0,0.8754073872895166,0.0,0.1784356328082564,0.0,0.0,0.008079847908745247,0.0,0.0,0.0,0.07265073329712113,0.0686108093427485
1502.jpg,0.23991459351040084,1.163566367959626,0.0,0.0,0.0,0.0,0.0,0.0,0.0,0.11995729675520042,0.4006987803694478,0.3688654524279383
1503.jpg,0.0,1.7065411764705882,0.3919372549019608,0.0,0.0,0.0,0.0,0.0,0.0,0.0,0.0667921568627451,0.0
1504.jpg,0.3258259891923258,0.25466942298625467,0.0,0.0,0.0,0.7808000580277809,0.10843941537010844,0.0,0.0,0.32390381895332393,0.0,0.0
1505.jpg,0.1648653714000125,0.42328356344099455,0.1410945211469982,0.0,0.0,0.0,0.0,0.0,0.10189292184669207,0.6813581558068346,0.0,0.0
1506.jpg,0.0,0.3311823075426422,0.06300668007004345,0.0,0.0,0.0,0.0,0.5085608664634542,0.0,0.0,0.006809780141384007,0.0
1507.jpg,0.0,0.0942802856581275,0.0,0.0,0.0,0.0,0.0,0.6566861036493481,0.0,0.0,0.0,0.0
1508.jpg,0.0,1.0762947396963123,0.0,0.0,0.0,0.5600257592190889,0.0,0.0,0.0,0.013421908893709327,0.0,0.0
1509.jpg,0.2785980405685111,0.6697943976817994,0.22326479922726644,0.0,0.0,0.22495515385676831,0.0,0.0,0.0,0.14861321926314336,0.02380295294604664,0.0
1510.jpg,0.12590472430582972,0.799249901302803,0.0,0.0,0.0,0.0,0.0,0.0,0.0,0.07389130148703776,0.1400513225424398,0.0
1511.jpg,0.3681015643969614,0.11613306045995352,0.0,0.0,0.0,0.028721079468590656,0.0,0.0,0.10565749765860766,0.4653647368968747,0.0,0.0
1512.jpg,0.0,1.0923105846963714,0.35833803346493703,0.0,0.0,0.0,0.0,0.0,0.5071755342482923,0.841354891270289,0.0,0.0
1513.jpg,0.036977288543050546,0.5806920984374011,0.0,0.3948883406085911,0.0,0.0,0.0,0.5415322325551971,0.0,0.036977288543050546,0.0,0.3948883406085911
1514.jpg,0.0,0.685912691944055,0.0,0.0,0.0,0.0,0.0,0.0,0.0,0.0,0.010334822156293808,0.3293124246079614
1515.jpg,0.0,0.32398111827671033,0.0,0.0,0.0,0.0,0.10049198856459012,0.0,0.0,0.48377767435675817,0.0,0.0
1516.jpg,0.037204589048532445,0.0,0.0,0.0,0.0,0.38659476674749377,0.016068908110455648,0.0,0.4174658897614998,0.27461908725706635,0.0,0.0
1517.jpg,0.0,1.1448030796564999,0.3816010265521666,0.3816010265521666,0.0,0.0,0.0,0.609153423485671,0.0,0.0,0.07192445628927714,0.0
1518.jpg,0.7231140156081467,0.0,0.0,0.0,0.0,0.0,0.0,0.0,0.0,1.217784404542859,0.0,0.0
1519.jpg,0.0,0.0,0.0,0.0,0.0,0.0,0.0,0.0,0.5282677848467322,0.0,0.0,0.0
1520.jpg,0.0,0.0,0.0,0.0,0.0,0.12829761652167762,0.13056086003253412,0.0,0.17193578046537944,0.31879906641205175,0.0,0.0
1521.jpg,0.0,1.3259312320916905,0.0,0.0,0.0,0.0,0.08520773638968482,0.5640759312320917,0.0,0.0,0.0,0.0
1522.jpg,0.08341899510949133,0.6532099803756658,0.0,0.0,0.0,0.3521789240880915,0.0,0.0,0.0,0.06550789645827493,0.3577858767093418,0.0
1523.jpg,0.22675657733831803,0.0,0.0,0.0,0.0,0.3146291184794382,0.0,0.0,0.0,0.11337828866915901,0.0,0.0
1524.jpg,0.0,1.1109275015821671,0.4918078897405246,0.0,0.17361648266647914,0.17361648266647914,0.0,0.22255818859433232,0.010055551648969834,0.01251670065396245,0.18367203431544898,0.0
1525.jpg,0.0,0.36280811025708987,0.0,0.0,0.0,0.0,0.0,0.0,0.11062152133580705,0.4994036575669229,0.0,0.4994036575669229
1526.jpg,0.5454481890644665,0.47461893441476716,0.0,0.0,0.0,0.0,0.0,0.0,0.0,0.9705635575443994,0.0,0.0
1527.jpg,0.0,1.382331201593984,0.0,0.0,0.0,0.0,0.0,0.0,0.22241861361956486,0.17990166147122152,0.22241861361956486,0.0
1528.jpg,0.0,0.0,0.0,0.0,0.423692636072572,0.423692636072572,0.0,0.0,0.0,0.0,0.4188233724653148,0.0
1529.jpg,0.0,0.8493828834938288,0.0,0.0,0.0,0.0,0.16058592160585922,0.0,0.0,0.0,0.23731859487318596,0.13617252136172522
1530.jpg,0.08447058823529412,0.6619831932773109,0.0,0.0,0.0,0.0,0.0,0.4638991596638655,0.0,0.08447058823529412,0.3628571428571429,0.3416806722689076
1531.jpg,0.0,0.7387177997288398,0.3693588998644199,0.2267738394989993,0.0,0.0,0.15920976176641488,0.8007941119504164,0.0,0.013428885015172058,0.0,0.15920976176641488
1532.jpg,0.15835082255771443,0.9077584456028704,0.30258614853429017,0.0,0.0,0.28264843273982804,0.0,0.0,0.10019633064789114,0.34202152867104463,0.10019633064789114,0.0
1533.jpg,0.0,0.49435651271406333,0.0,0.0,0.0,0.0,0.0,0.2449727555786196,0.0,0.0,0.22197716658017644,0.21740399584846912
1534.jpg,0.3854875283446712,0.0,0.0,0.0,0.0,0.033839176696319556,0.0,0.0,0.8559567416710274,1.0050235478806908,0.0,0.0
1535.jpg,0.0,0.5806825938566553,0.0,0.0,0.0,0.0,0.0,0.4214334470989761,0.0,0.0,0.44812286689419795,0.0
1536.jpg,0.04098212019004098,0.9234395967069234,0.4617197983534617,0.0,0.0,0.2574620099372575,0.0,0.0,0.0,0.04098212019004098,0.0,0.0
1537.jpg,0.0,1.2730071615019074,0.04484304932735426,0.0,0.0,0.0,0.0,0.4108828057024296,0.0,0.0,0.05314235994913326,0.0
1538.jpg,0.0,0.1958128078817734,0.0,0.0,0.0,0.0,0.0,0.0,0.0,0.6054060881647089,0.0,0.0
1539.jpg,0.023867162194415086,0.039005762214872654,0.0,0.0,0.0,0.0,0.0,0.0,0.2866105220089331,0.732585495584575,0.0,0.0
1540.jpg,0.0,2.066393626211884,0.5709851854221994,0.0,0.0,0.0,0.0,0.0,0.0,0.0,0.35436598086583687,0.0
1541.jpg,0.0,0.0,0.0,0.0,0.0,0.0,0.0,0.0,0.0,0.0,0.0,0.0
1542.jpg,0.0,0.20704751735184196,0.0,0.0,0.0,0.0,0.22512902651717387,0.58505072076882,0.0,0.0,0.0,0.22512902651717387
1543.jpg,0.0,1.137314406917931,0.0,0.0,0.0,0.0,0.0,0.0,0.0,0.0,0.010540055473976179,0.0
1544.jpg,0.5937114868067626,0.4199715594880708,0.0,0.0,0.0,0.0,0.0,0.4161478906620319,0.0,0.2968557434033813,0.0031600568810238585,0.027050086901564227
1545.jpg,0.0,0.14193440985516897,0.0,0.0,0.0,0.0,0.0,0.0,0.03146329282503746,0.28912934909272514,0.06572332279007824,0.06572332279007824
1546.jpg,0.0,1.028348784092436,0.0,0.34922074432352546,0.0,0.0,0.0,0.3066639795781271,0.1154776299879081,0.0,0.13814993954050786,0.34922074432352546
1547.jpg,0.4311566828566289,0.6583198416981472,0.24223781255621515,0.0,0.0,0.0,0.0,0.0,0.0,0.7495952509444145,0.08692210829285843,0.0
1548.jpg,0.077141805773927,0.0,0.0,0.0,0.0,0.0,0.0,0.0,0.0,0.23681129361388953,0.0,0.0
1549.jpg,0.0,0.9707031880874706,0.4853515940437353,0.0,0.0,0.0,0.0,0.5046997642042702,0.0,0.0,0.20640201556897833,0.0
1550.jpg,0.045570346980515986,1.5659693566328179,0.0,0.19814130395780258,0.0,0.0,0.0,0.0,0.0,0.12569521690767518,0.39624672575262837,0.39624672575262837
1551.jpg,0.0,0.40804915314846724,0.0,0.0,0.0,0.0,0.0,0.6633074347387926,0.0,0.0,0.0,0.0
1552.jpg,0.0,1.2414274828549656,0.0,0.0,0.0,0.0,0.0,0.0,0.0,0.0,0.0,0.0
1553.jpg,0.0,0.5551391862955032,0.0,0.0,0.5611616702355461,0.5927127944325482,0.0,0.34003613490364026,0.0,0.0,0.33695797644539616,0.33695797644539616
1554.jpg,0.0,0.0,0.0,0.0,0.15356706785278215,0.15356706785278215,0.0,0.0,0.0,0.0,0.0,0.0
1555.jpg,0.43335749629676323,0.661350814712093,0.2607078697721327,0.0,0.0,0.0,0.0,0.0,0.0,1.0099278262787985,0.0,0.0
1556.jpg,0.9105877589580943,0.0,0.0,0.0,0.0,0.0,0.0,0.0,0.0,1.08171941426547,0.0,0.0
1557.jpg,0.513930116948607,0.0,0.0,0.0,0.0,0.5960802546403919,0.0,0.0,0.0,0.2569650584743035,0.0,0.0
1558.jpg,0.0,0.8008698353525939,0.0,0.0,0.0,0.0,0.0,0.48634841738290013,0.0,0.5066100583341963,0.0,0.0
1559.jpg,0.8426997056608939,0.0,0.0,0.0,0.0,0.2806146895749196,0.0,0.0,0.0,1.1157505647203778,0.0,0.0
1560.jpg,0.0,0.0,0.0,0.0,0.0,0.15343519606795597,0.0,0.0,0.35680450190547425,0.12789827973074047,0.0,0.0
1561.jpg,0.0,0.6498465848452508,0.2839847918890075,0.0,0.0,0.0,0.0,0.6962713447171825,0.0,0.0,0.05252801494130203,0.0
1562.jpg,0.0,1.341873417721519,0.21070042194092828,0.0,0.0,0.0,0.0,0.2572489451476793,0.0,0.0,0.2719324894514768,0.2719324894514768
1563.jpg,0.04581165543489647,1.1424281574077306,0.0,0.2365655225391948,0.0,0.0604769719613115,0.0,0.15670938231083487,0.009253116379761863,0.08886483466601487,0.06973008834107336,0.0
1564.jpg,0.0,0.6991745440021302,0.0,0.0,0.0,0.0,0.08667287977632805,0.0,0.20040607109572628,0.0,0.0,0.0
1565.jpg,0.11089306502577748,0.45375020788292036,0.0,0.0,0.0,0.0,0.0,0.0,0.0,0.05544653251288874,0.41619823715283555,0.41619823715283555
1566.jpg,0.41198858230256896,0.2674956527445126,0.0,0.0,0.0,0.0,0.0,0.1609960956724302,0.0,0.29302142458742086,0.0,0.0
1567.jpg,0.5891239680470604,0.902570273070624,0.0,0.0,0.0,0.553661552859387,0.0,0.0,0.0,0.2945619840235302,0.33410207560413113,0.0
1568.jpg,0.0,0.22944395149364094,0.0,0.0,0.0,0.0,0.0,0.14282017154687962,0.0,0.3155501330967169,0.0,0.0
1569.jpg,0.0,0.787657642508828,0.25747435681856395,0.0,0.0,0.0,0.0,0.0,0.0,0.0,0.2417353287371784,0.21698335295106777
1570.jpg,0.0,0.547312393218557,0.0,0.0,0.0,0.0,0.1768957813116047,0.0,0.0,0.1768957813116047,0.12583782362991194,0.0
1571.jpg,0.0,0.4919541752201841,0.0,0.0,0.0,0.0,0.15277133964638104,0.8323289848354414,0.0,0.0,0.0,0.15277133964638104
1572.jpg,0.0,0.1990632318501171,0.0,0.0,0.0,0.0,0.0,0.1438214630114341,0.0,0.0,0.0,0.0
1573.jpg,0.9496263849523319,0.7083548054625096,0.21151120845143004,0.0,0.0,0.0,0.0,0.15579103323885596,0.0,0.47481319247616594,0.0,0.0
1574.jpg,0.0,0.38033242747898627,0.0,0.0,0.0,0.5270492321304431,0.0,0.0,0.0,0.6026354041585035,0.0,0.0
1575.jpg,0.15784715944649189,0.8849175996105973,0.2474097767888186,0.2811348306793686,0.0,0.0,0.0,0.36687295737431336,0.2811348306793686,0.07892357972324594,0.2811348306793686,0.0
1576.jpg,0.0,1.2785264742098783,0.0,0.0,0.0,0.0,0.0,0.0,0.0,0.0,0.1736215624572445,0.0
1577.jpg,0.0,1.223345739600145,0.0,0.0,0.0,0.0,0.0,0.0,0.0,0.0,0.0,0.0
1578.jpg,0.5959730670396512,0.028624402302963276,0.0,0.0,0.0,0.0,0.0,0.0,0.0,0.9887128777282633,0.0,0.0
1579.jpg,0.0,0.4524838012958963,0.0,0.0,0.0,0.0,0.0,0.0,0.0,0.12105156587473002,0.48538741900647947,0.48538741900647947
1580.jpg,0.0,1.0775850655368728,0.35919502184562424,0.0,0.0,0.25413742883622403,0.0,0.01148550244935787,0.0,0.0,0.0,0.0
1581.jpg,0.0,2.373566339733555,0.0,0.0,0.791188779911185,0.791188779911185,0.20881122008881506,0.0,0.20881122008881506,0.791188779911185,0.0,0.0
1582.jpg,0.0,0.3478659935750344,0.0,0.0,0.0,0.0,0.0,0.22653298972711547,0.0,0.0,0.06908603099516362,0.0
1583.jpg,0.0,2.2318915716190193,0.2681824914827433,0.0,0.0,0.0,0.0,0.0,0.0,0.021885646570878388,0.2341504962227818,0.0
1584.jpg,0.0,0.13420963936636332,0.0,0.0,0.0,0.0,0.0,0.44317492416582405,0.0,0.0,0.0,0.0
1585.jpg,0.0,1.280518284661931,0.6402591423309655,0.0,0.14344909234411996,0.14344909234411996,0.0,0.0,0.0,0.0,0.14344909234411996,0.30603788476716653
1586.jpg,0.0,0.8827732034729119,0.0,0.0,0.0,0.0,0.0,0.0,0.0,0.0,0.43731778425655976,0.43731778425655976
1587.jpg,0.25586385497595265,0.2288568257491676,0.0,0.0,0.0,0.0,0.0,0.3413244543100259,0.04298927118017018,0.5581206067332594,0.04298927118017018,0.0
1588.jpg,0.0,1.713366761232434,0.0,0.0,0.0,0.0,0.0,0.0,0.0,0.0,0.12891733192584284,0.12891733192584284
1589.jpg,0.0,0.0,0.0,0.0,0.0,0.2926780674082683,0.0,0.0,0.06621285073883447,0.46345674912834134,0.0,0.0
1590.jpg,0.4515547703180212,0.6254416961130742,0.0,0.0,0.0,0.02431095406360424,0.0,0.21802120141342757,0.0,0.7579858657243816,0.07424028268551237,0.07424028268551237
1591.jpg,0.0,0.34748160724391625,0.0,0.0,0.0,0.0,0.0,0.0,0.0,0.8297962648556876,0.16408460667798527,0.0
1592.jpg,0.0,0.15185332801913112,0.0,0.0,0.0,0.0,0.0,0.39859837916832735,0.0,0.0,0.0,0.0
1593.jpg,0.0,0.39211933205728994,0.0,0.0,0.0,0.184575275559369,0.0,0.0,0.0,0.0,0.035806217411391984,0.03194508613292852
1594.jpg,0.0,1.4775277169222598,0.4207993095664874,0.0,0.0,0.0,0.0,0.46820022571864833,0.0,0.0,0.021808404700258913,0.0
1595.jpg,0.0,0.0,0.0,0.0,0.0,0.6506684351984362,0.12558902579496667,0.0,0.0,0.0,0.0,0.0
1596.jpg,0.0,1.004047412546979,0.329253798464553,0.0,0.23022068035077575,0.23022068035077575,0.0,0.0,0.0,0.2054543702418811,0.23022068035077575,0.0
1597.jpg,0.0,0.5602262411842749,0.0,0.0,0.0,0.21946791425179807,0.0,0.0,0.0,0.0,0.0,0.4178130018853432
1598.jpg,0.0,0.763869918699187,0.0,0.0,0.0,0.0,0.591089430894309,0.0,0.0,0.38078048780487805,0.0,0.0
1599.jpg,0.0,1.3207949136180552,0.0,0.0,0.0,0.15096035418261708,0.04580406777404214,0.0,0.06444525814719883,0.0,0.0,0.0
1600.jpg,0.0935958904109589,0.08342465753424658,0.0,0.0,0.0,0.0,0.0,0.4308904109589041,0.0,0.0935958904109589,0.0,0.0
1601.jpg,0.0,0.5780468800727225,0.0,0.0,0.0,0.0,0.0,0.0,0.0,0.5961625868450101,0.0,0.0
1602.jpg,0.0,0.4866178551652003,0.24330892758260014,0.24330892758260014,0.0,0.0,0.0,0.0,0.0,0.0,0.7034701285916446,0.7034701285916446
1603.jpg,0.0,0.18447921501027648,0.0,0.0,0.0,0.0,0.05035470397135848,0.35082543260624544,0.0,0.0,0.017171650202214412,0.05035470397135848
1604.jpg,0.13351837672281777,0.0,0.0,0.0,0.0,0.0,0.0,0.0,0.4746362940275651,0.2918261868300153,0.21410796324655437,0.0
1605.jpg,0.0,0.13488993118559348,0.0,0.0,0.0,0.0,0.0,0.2848779485774932,0.0,0.0,0.0,0.0
1606.jpg,1.0269799219185722,0.08508784160624651,0.0,0.0,0.0,0.0,0.0,0.17226715002788623,0.0,0.5134899609592861,0.0,0.0
1607.jpg,0.2172233343869631,0.0,0.0,0.0,0.0,0.14245074280897693,0.0,0.0,0.0,0.11270326274013978,0.0,0.0
1608.jpg,0.41862892179244665,0.8440414845737395,0.42202074228686975,0.0,0.10625529971952254,0.0,0.0,0.0,0.0,0.20931446089622333,0.1993672950231557,0.0
1609.jpg,0.0,2.269807136617163,0.0,0.0,0.0,0.0,0.0,0.40531550299039043,0.0,0.0,0.5780189503393589,0.0
1610.jpg,0.0,0.8222927163027928,0.0,0.0,0.0,0.10919325744852895,0.0,0.5385644087827332,0.0536480686695279,0.0,0.0536480686695279,0.0536480686695279
1611.jpg,0.0,0.5757817651754417,0.28789088258772083,0.0,0.0,0.0,0.0,0.6198590913823622,0.0,0.0,0.0,0.28789088258772083
1612.jpg,0.0,0.0,0.0,0.0,0.4316317702024572,0.0,0.0,0.0,0.0,0.4316317702024572,0.0,0.0
1613.jpg,0.03697614442295293,1.5470019342359769,0.0,0.0,0.0,0.0,0.0,0.0,0.0,0.03697614442295293,0.30454545454545456,0.0
1614.jpg,0.0,0.7877931323283082,0.2625977107761027,0.0,0.0,0.0,0.0,0.0,0.0,0.0,0.7800809603573423,0.0
1615.jpg,0.0,1.6176957806866534,0.49533894176113297,0.0,0.0,0.03738590963718453,0.0,0.0,0.0,0.06109721635755351,0.0,0.0
1616.jpg,0.0,0.0,0.0,0.0,0.0,0.20476918983637088,0.0,0.0,0.0681455367832912,0.0,0.5991752028734868,0.0
1617.jpg,0.0,1.1672604718343764,0.38908682394479216,0.0,0.0,0.4516450008024394,0.0,0.0,0.0,0.0,0.06284705504734392,0.0
1618.jpg,0.0,1.2382026881192976,0.0,0.0,0.0,0.0,0.0,0.0,0.0,0.346904738546061,0.0,0.0
1619.jpg,0.014926865025155766,1.5420317862259687,0.5140105954086562,0.0,0.0,0.21603971612301337,0.0,0.0,0.0,0.014926865025155766,0.05007829940359178,0.0
1620.jpg,0.0,1.2186236087160998,0.2898259915347233,0.12995767361655433,0.0,0.11102053613419031,0.0,0.2907665778335162,0.12434550870042327,0.0,0.12434550870042327,0.0
1621.jpg,0.7199129192462073,0.0,0.0,0.0,0.0,0.0,0.0,0.0,0.08310089121708959,0.997414790121777,0.0,0.0
1622.jpg,0.0,0.04089705103302137,0.0,0.0,0.0,0.0,0.0,0.054953205015009714,0.0,0.0,0.0,0.0
1623.jpg,0.0,0.12163305598646171,0.0,0.0,0.0,0.0,0.0,0.5285925821463827,0.0,0.0,0.0,0.0
1624.jpg,0.0,0.0,0.0,0.0,0.163063784360822,0.0,0.2521684013877769,0.0,0.0,0.38947824926607955,0.0,0.0
1625.jpg,0.0,0.0,0.0,0.0,0.0,0.0,0.0,0.0,0.034388178420818045,0.4015496965748963,0.0,0.0
1626.jpg,0.0,0.911841488720798,0.23478813842961377,0.0,0.0,0.0,0.0,0.0,0.0,0.0,0.4726219961175447,0.21681504786130262
1627.jpg,0.0,0.6303226250257963,0.31516131251289814,0.0,0.0,0.0,0.31454220265529337,0.31454220265529337,0.0,0.0,0.0,0.0
1628.jpg,0.0759423322109255,0.8795318578573997,0.4104416620353722,0.0,0.0,0.0,0.0,0.6168230409624375,0.003399915002124947,0.038968256562816696,0.003399915002124947,0.008303638562882082
1629.jpg,0.0,1.029130124887663,0.0,0.0,0.0,0.0,0.0,0.5350646130961604,0.0,0.0,0.46016300474139266,0.0
1630.jpg,0.0,0.1243561197700309,0.0,0.0,0.0,0.0,0.0,0.42255159349971755,0.0,0.0,0.0,0.0
1631.jpg,0.0,1.066726009106782,0.0,0.0,0.0,0.0,0.0,0.0,0.19096853709473108,0.7174501009962683,0.0,0.0
1632.jpg,0.9875545923225955,0.5129543887301744,0.0,0.0,0.0,0.0,0.0,0.0,0.0,0.92825009030309,0.0,0.0
1633.jpg,0.0,1.2109022303079306,0.0,0.0,0.0,0.0,0.06337174044875682,0.5994879051276868,0.0,0.0,0.023785459200862474,0.041102351593558385
1634.jpg,0.38296710795687183,0.0,0.0,0.0,0.0,0.12672307902279242,0.0,0.0,0.0858809881261089,0.2700627814931077,0.0,0.0
1635.jpg,0.0,0.218521421107628,0.0,0.0,0.0,0.0,0.0,0.7254440961337513,0.0,0.0,0.0,0.0
1636.jpg,0.22576081592367164,0.10590557657509458,0.0,0.0,0.0,0.0,0.0,0.7217634479355157,0.0,0.2370126665569995,0.0,0.0
1637.jpg,0.0,0.9589911761722844,0.0,0.0,0.0,0.0,0.0,0.0,0.17678082423340885,0.17678082423340885,0.17678082423340885,0.17678082423340885
1638.jpg,0.0,0.0,0.0,0.0,0.08663868485484436,0.0,0.34494578523959424,0.0,0.0,0.19590766002098636,0.0,0.0
1639.jpg,0.0,0.8722854188210962,0.0,0.0,0.0,0.0,0.0,0.8354360565322303,0.0,0.0,0.0,0.33619441571871767
1640.jpg,0.0,0.4399920255183413,0.0,0.0,0.0,0.0,0.0,0.5391746411483254,0.0,0.0,0.10566188197767146,0.04402578415736311
1641.jpg,0.0,0.02693927067722829,0.0,0.0,0.0,0.0,0.0,0.16984228930279027,0.0,0.0,0.0,0.16984228930279027
1642.jpg,0.018460586475987487,0.0,0.0,0.0,0.09690948468493245,0.09690948468493245,0.0,0.0,0.8572656330571694,0.4409226855512393,0.0,0.0
1643.jpg,0.607165858784448,0.009558998000067794,0.0,0.0,0.0,0.0,0.0,0.0,0.0,0.9426799091556218,0.0,0.0
1644.jpg,0.0,0.0,0.0,0.0,0.0,0.34140985023041476,0.020413306451612902,0.0,0.1938724078341014,0.0,0.0,0.0
1645.jpg,0.0,0.0,0.0,0.0,0.0,0.0,0.0,0.0,0.05461209940478192,0.0,0.0,0.0
1646.jpg,0.0,0.922278955532575,0.0,0.0,0.0,0.0,0.0,0.1515317993795243,0.0,0.2293497931747673,0.07736556359875905,0.25248836608066183
1647.jpg,0.0,1.2356072367795696,0.41186907892652325,0.0,0.0,0.0,0.0,0.0,0.0,0.3614587623966288,0.0,0.0
1648.jpg,0.0,0.7027669919893658,0.0,0.0,0.032007555882044285,0.032007555882044285,0.3329835239794312,0.5773953195508448,0.0,0.0,0.0,0.032007555882044285
1649.jpg,0.09186599752330053,1.982630515544548,0.0,0.0,0.0,0.0,0.0,0.0,0.0,0.11871863390471225,0.5977644528449456,0.1368702339829238
1650.jpg,0.0,0.5640306538398826,0.2820153269199413,0.0,0.0,0.0,0.0,0.8791782162074026,0.0,0.0,0.2931028860264145,0.2931028860264145
1651.jpg,0.333902984093598,0.0,0.0,0.0,0.0,0.0,0.0,0.0,0.25325358222689626,0.19810700670435125,0.0,0.0
1652.jpg,0.0,0.0,0.0,0.0,0.0,0.0,0.0,0.0,0.0,0.0,0.0,0.0
1653.jpg,0.40165998652147694,0.0,0.0,0.0,0.0,0.3672897527755116,0.0,0.0,0.0,0.8164792679033803,0.0,0.0
1654.jpg,0.0,0.0,0.0,0.0,0.0,0.0,0.51559423893897,0.0,0.0,0.0,0.0,0.0
1655.jpg,0.0,0.0,0.0,0.0,0.0,0.0,0.0,0.0,0.0,0.9139120180109352,0.0,0.0
1656.jpg,0.7626887702963552,0.0,0.0,0.0,0.0,0.40384542598690437,0.0842890125279134,0.0,0.09238863025623557,0.3898035653457477,0.0,0.0
1657.jpg,0.0,0.6282553583775063,0.3141276791887532,0.1520100088894742,0.0,0.0,0.0,0.0,0.0,0.0,0.13212392585520033,0.3141276791887532
1658.jpg,0.0,0.0,0.0,0.0,0.0,0.10832909245122986,0.0,0.0,0.45055131467345205,0.0,0.0,0.0
1659.jpg,0.0,0.0,0.0,0.0,0.0,0.6993250223844617,0.0,0.0,0.1799710723879055,0.0,0.0,0.0
1660.jpg,0.48310222508868106,0.0,0.0,0.0,0.0,0.25465978716543053,0.0,0.0,0.05582070299903257,0.2603353756852628,0.0,0.0
1661.jpg,0.0,1.5080049851404467,0.4797238999137187,0.0,0.0,0.0,0.39305915060876234,0.0,0.0,0.27427859265650467,0.0,0.0
1662.jpg,0.0,1.4667946813521249,0.2932502445563567,0.0,0.0,0.0,0.0,0.0,0.0,0.4889315604507083,0.0,0.0
1663.jpg,0.0,2.15885662254886,0.7196188741829534,0.0,0.0,0.06750999967480732,0.0,0.0,0.0,0.03297453741341745,0.016162076030047802,0.0
1664.jpg,1.0747735401276866,0.0,0.0,0.0,0.0,0.9268308988200689,0.0,0.0,0.0,0.5405287963365311,0.0,0.0
1665.jpg,0.2552683896620278,0.0,0.0,0.0,0.0,0.6879390324718356,0.0,0.0,0.29241219350563286,0.2552683896620278,0.0,0.0
1666.jpg,0.0,1.0868171683389074,0.0,0.0,0.0,0.0,0.021704292084726868,0.46456939799331104,0.0,0.0,0.09270484949832776,0.0
1667.jpg,0.48663139329806,0.0,0.0,0.0,0.16511463844797178,0.8827865961199295,0.030864197530864196,0.0,0.030864197530864196,0.24331569664903,0.0,0.0
1668.jpg,0.04355981659024594,0.2248158955120189,0.0842364874253161,0.0,0.0,0.0169167708767542,0.0,0.4653675142420453,0.0,0.15728775878838405,0.2774767264137835,0.10302903987772682
1669.jpg,0.03305180554631908,0.8576843785329521,0.0,0.0,0.36057724280109066,0.36057724280109066,0.28589479284431735,0.0,0.23036509942142713,0.31894659839063644,0.0,0.0
1670.jpg,0.7422059120597939,0.0,0.0,0.0,0.10046461517742913,0.0,0.1210692882634166,0.0,0.0,0.5231970911049761,0.0,0.0
1671.jpg,1.2286430524807919,0.0,0.0,0.0,0.0,0.0,0.0,0.0,0.8494921213699701,1.3331814038286236,0.0,0.0
1672.jpg,0.0,0.6910117798934968,0.0,0.0,0.0,0.0,0.0,0.0,0.0,1.1572373729223817,0.0,0.0
1673.jpg,0.57898125868438,0.0,0.0,0.0,0.0,0.0,0.0,0.0,0.0,0.7773070796760091,0.0,0.0
1674.jpg,0.0,0.0,0.0,0.0,0.1335772756422347,0.4269493379606926,0.0,0.0,0.0,0.4697649854766306,0.0,0.0
1675.jpg,0.0,0.8174057951299143,0.0,0.0,0.0,0.39627261597061625,0.0,0.0,0.0,0.7587403074411645,0.0,0.0
1676.jpg,0.0,1.3207081103334706,0.4121723617400851,0.6089954713874022,0.0,0.0,0.0,0.27703444490188006,0.05664196514340607,0.0,0.05664196514340607,0.6603540551667353
1677.jpg,0.0,0.0,0.0,0.0,0.0,0.6187801753867376,0.0,0.0,0.0,0.0,0.0,0.0
1678.jpg,0.0,0.0,0.0,0.0,0.0,0.6808039698689801,0.0,0.0,0.2863160901074578,0.28013994502159867,0.0,0.0
1679.jpg,0.0,1.013008024851152,0.2101993269479679,0.0,0.0,0.2783134869272586,0.0,0.0,0.0,0.0,0.2783134869272586,0.36403054620761066
1680.jpg,0.0,1.7022147651006712,0.6536577181208054,0.0,0.0,0.04251677852348993,0.0,0.21442953020134228,0.0,0.11375838926174496,0.04251677852348993,0.04251677852348993
1681.jpg,0.0,0.11792177466433158,0.0,0.0,0.0,0.0,0.1043855808523059,0.048525977816695855,0.0,0.0,0.0,0.0
1682.jpg,0.10528039832285116,0.19523060796645703,0.0,0.0,0.0,0.0,0.0,0.0,0.0,0.05264019916142558,0.0,0.7927803983228512
1683.jpg,0.4572100712105799,1.0508011190233977,0.0,0.0,0.0,0.5853573245167853,0.0,0.0,0.0,0.22860503560528994,0.0,0.0
1684.jpg,0.2654361152015342,1.5932673538577447,0.34991952330399645,0.19444539570562652,0.0,0.0,0.0,0.1505085442279374,0.0,1.0155131673572824,0.022910174309099002,0.0
1685.jpg,0.0,0.41454657365613456,0.0,0.0,0.0,0.0,0.0957119409109561,0.0,0.0,0.0,0.16372589249076733,0.0
1686.jpg,0.0,1.7994635330182653,0.0,0.0,0.0,0.0,0.0,0.0,0.0,0.0,0.0,0.0
1687.jpg,0.03229379972473061,0.0,0.0,0.0,0.0,0.3621806707173789,0.0,0.0,0.0,0.016146899862365303,0.0,0.0
1688.jpg,0.025199795953069207,0.26975004250977724,0.0,0.0,0.0,0.4664512837952729,0.026968202686617922,0.21217480020404694,0.26536303349770446,0.025199795953069207,0.26536303349770446,0.3140622343138922
1689.jpg,0.0,0.8466678266921872,0.0,0.0,0.0,0.0,0.0,0.3671828780233165,0.0,0.0,0.025891769618931616,0.11459892117626588
1690.jpg,0.25667131415972244,0.0,0.0,0.0,0.0,0.0,0.08141759346324698,0.0,0.09568431633215525,0.7038682273596836,0.0,0.0
1691.jpg,0.577497726386904,0.0,0.0,0.0,0.0,0.0,0.0,0.0,0.0,0.2926464856437573,0.0,0.0
1692.jpg,0.0,0.5975458955578807,0.0,0.16322648149909635,0.0,0.0,0.0,0.0,0.0,0.29943879006943785,0.26605155521734997,0.29877294777894037
1693.jpg,0.0,1.130382521388673,0.0,0.0,0.0,0.10404440359188291,0.0,0.0,0.0,0.0,0.10404440359188291,0.10404440359188291
1694.jpg,0.341974837971788,1.2120663362561952,0.4040221120853984,0.4040221120853984,0.0,0.0,0.0,0.0,0.0,0.170987418985894,0.11068750794255941,0.0
1695.jpg,0.0,0.17478633899770543,0.0,0.0,0.2954673938345915,0.7098200924478734,0.0,0.0,0.0,0.19191247381197832,0.0,0.0
1696.jpg,0.0,0.2901583889222598,0.0,0.0,0.0,0.0,0.0,0.12990420789731594,0.0,0.1933862350226044,0.06819259587113907,0.0
1697.jpg,0.0,0.08431743032593292,0.0,0.0,0.0,0.38615965989607937,0.38615965989607937,0.0,0.0,0.0,0.0,0.0
1698.jpg,0.0,2.093296853625171,0.697765617875057,0.0,0.0,0.0,0.0,0.0,0.0,0.0,0.06000911992704058,0.0
1699.jpg,0.0,0.0,0.0,0.0,0.0,0.0,0.0,0.0,0.31624217677967803,0.5326483483382978,0.0,0.0
1700.jpg,0.577424844015882,1.0755396883654198,0.0,0.0,0.0,0.0,0.0,0.06626405525341163,0.0,0.288712422007941,0.036401855126622404,0.036401855126622404
